{"current":{"show_announcement_bar":true,"show_popup":false,"show_fixed_message":false,"header_layout":"centered","footer_layout":"promotional","image_loading_style":"blur-up","logo_mobile":"","mobile_logo_width":200,"logo_mobile_position":"center","logo_menu_position":"left","show_search_icon_mobile":true,"show_locale_selector":false,"show_currency_selector":false,"mobile_sidebar_position":"below","mobile_menu_background_color":"rgba(0,0,0,0)","mobile_menu_opacity":100,"mobile_menu_link_color":"rgba(0,0,0,0)","mobile_menu_link_hover_color":"rgba(0,0,0,0)","button_primary_padding":"regular","button_primary_bg_color":"#8ca8b4","button_primary_bg_color_transparency":82,"button_primary_border_color":"rgba(0,0,0,0)","button_primary_text_color":"#ffffff","button_primary_bg_color--highlight":"#8ca8b4","button_primary_bg_color_transparency--highlight":100,"button_primary_border_color--highlight":"rgba(0,0,0,0)","button_primary_text_color--highlight":"#666666","button_primary_border_radius":0,"button_secondary_padding":"regular","button_secondary_bg_color":"#8ca8b4","button_secondary_bg_color_transparency":100,"button_secondary_border_color":"#8ca8b4","button_secondary_text_color":"#ffffff","button_secondary_bg_color--highlight":"#4f6b7f","button_secondary_bg_color_transparency--highlight":100,"button_secondary_border_color--highlight":"#4f6b7f","button_secondary_text_color--highlight":"#ffffff","button_secondary_border_radius":0,"button_link_padding":"regular","button_link_text_color":"#303030","button_link_text_color--highlight":"#454545","button_link_underline_style":"solid","button_link_underline_thickness":1,"button_cart_padding":"regular","button_cart_bg_color":"#8ca8b4","button_cart_bg_color--highlight":"#4f6b7f","button_cart_border_color":"rgba(0,0,0,0)","button_cart_border_color--highlight":"rgba(0,0,0,0)","button_cart_text_color":"#ffffff","button_cart_text_color--highlight":"#ffffff","button_cart_icon":"bag","button_cart_icon_position":"right","button_cart_border_radius":2,"icon":"icon_solid","toggle_icon_style":"plus_and_minus","social_media_share_style":"rounded","breadcrumb_capitalization":"none","breadcrumb_separator":"caret","breadcrumb_size":"regular","dropdown_style":"vertical","dropdown_position":"below-parent","dropdown_link_spacing":"medium","use_placeholders":true,"form_button_style":"button--secondary","display_heading_divider":true,"heading_divider_animation":"fadeInDown","heading_divider_style":"short","heading_divider_width":2,"toggle_sidebar":false,"tab_style":"regular","table_styles_enabled":true,"qty_box_style":"box","qty_border_radius":0,"tag_style":"solid","mega_menu_1":true,"mega_menu_2":true,"mega_menu_3":true,"mega_menu_4":false,"mega_menu_5":false,"mega_menu_6":false,"mega_menu_7":false,"mega_menu_8":false,"mega_menu_9":false,"mega_menu_10":false,"shop_bg_color":"#ffffff","border_color":"#2d2d2d","regular_color":"#2d2d2d","link_color":"#454545","link_hover_color":"#2d2d2d","heading_color":"#2d2d2d","banner_heading_color":"#2d2d2d","divider_color":"#2d2d2d","logo_text":"#303030","header_background":"#ffffff","header_link_color":"#303030","header_link_hover_color":"#808080","header_cart_badge_color":"#e73737","cart_background_color":"#ffffff","show_dropdown_shadow":true,"dropdown_background":"#ffffff","dropdown_background_opacity":100,"dropdown_link_color":"#303030","dropdown_link_hover_color":"#808080","footer_background":"#fcf9f1","footer_border":"#ffffff","footer_link_color":"#2d2d2d","footer_link_hover_color":"#303030","footer_text_color":"#2d2d2d","sale_color":"#2d2d2d","was_price_color":"#939497","product_hover_text_color":"#2d2d2d","product_hover_bg_color":"#ffffff","banner_bestseller":"#8ca8b4","banner_comingsoon":"#8ca8b4","banner_new":"#8ca8b4","banner_preorder":"#8ca8b4","banner_sale":"#8ca8b4","banner_staffpick":"#8ca8b4","qty_icon_color":"#303030","qty_icon_hover_color":"#666666","qty_background_color":"#ffffff","qty_background_hover_color":"#ffffff","regular__font":"optima_nova_n4","regular_font_size":15,"logo__font":"optima_nova_n4","logo_font_size":23,"logo_font_style":"none","nav__font":"serif","nav_font_size":13,"nav_letter_spacing":1,"nav_font_style":"uppercase","dropdown_heading_font_size":14,"dropdown_font_size":12,"dropdown_letter_spacing":1,"dropdown_font_style":"uppercase","button__font":"serif","button_letter_spacing":1,"button_font_style":"uppercase","heading__font":"serif","heading_size":46,"heading_letter_spacing":4,"heading_font_style":"none","preheading_font":"serif","preheading_size":13,"preheading_style":"none","subheading_font":"optima_nova_n4","subheading_size":16,"subheading_style":"none","banner_heading__font":"sans-serif","banner_heading_size":36,"banner_heading_style":"none","banner_text__font":"optima_nova_n4","banner_text_size":16,"banner_text_letter_spacing":1,"footer_heading_font_size":14,"footer_font_size":13,"search_option":"product","search_title":"Search","search_placeholder":"What are you looking for?","search_heading_color":"#2d2d2d","search_display_style":"popup","search_popup_bg":"#fcf9f1","search_menu":"","enable_autocomplete":true,"search_to_display":5,"show_secondary_image":true,"display_vendor":false,"thumbnail_hover_enabled":false,"thumbnail_text_alignment":"center","stickers_enabled":true,"sticker_shape":"square","sticker_position":"left","collection_swatches":true,"collection_swatches_shape":"circle","enable_shopify_review_comments":true,"enable_shopify_collection_badges":true,"select_first_available_variant":true,"display_product_quantity":false,"limit_quantity":true,"display_inventory_left":true,"inventory_threshold":10,"free_price_text":"Free","product_form_style":"radio","sold_out_options":"disabled","enable_swatches":true,"swatch_style":"rounded","swatches_option_style":"color_swatch","notify_me_form":false,"notify_me_description":"<p>Notify me when this product is available:<\/p>","size_chart":"contact","enable_quickshop":true,"quickshop_button_style":"button--primary","quickshop_show_vendor":false,"quickshop_show_price_savings":true,"show_dynamic_checkout_button":true,"quickshop_truncate_words":true,"quickshop_truncate_words_limit":37,"qs_popup_color":"#ffffff","show_product_gallery_thumbnails":true,"quickshop_arrows":true,"quickshop_magnify_images":true,"quickshop_speed":2,"quickshop_gallery_transition_styles":"fade","quickshop_thumbnail_position":"bottom-thumbnails","enable_thumbnail_slider":true,"quickshop_gallery_position":"left","video_looping":false,"cart_action":"redirect_cart","show_lock_icon":true,"cart_icon":"bag","display_special_instructions":true,"display_tos_checkbox":false,"tos_page":"","display_savings":false,"display_ajax_quantity_box":true,"cart_message":"","go_to_checkout":true,"enable_shipping_calculator":false,"shipping_calculator_default_country":"United States","freeshipping":"","cart_top":"WE SHIP WORLDWIDE -U.S. ORDERS $100+ ENJOY FREE SHIPPING","featured_product_collection_cart":"shorty-sets","currency_format":"money_format","show_multiple_currencies":true,"supported_currencies":"CAD USD INR GBP AUD EUR JPY","default_currency":"USD","disqus_enabled":false,"disqus_shortname":"","facebook_link":"https:\/\/www.facebook.com\/EileenWestDesigns\/","pinterest_link":"https:\/\/www.pinterest.com\/eileenwest\/","instagram_link":"https:\/\/www.instagram.com\/eileenwestdesigns\/","favicon":"shopify:\/\/shop_images\/faviconew64_256x256_92885d29-cf9f-4f0e-873f-6b42e1539da9.png","checkout_logo_image":"shopify:\/\/shop_images\/Artboard_1_copy_3_2x_1600x_057a41b4-63d9-42a8-a973-72a7b173f21b.webp","checkout_logo_position":"center","checkout_logo_size":"small","checkout_body_background_color":"#ffffff","checkout_input_background_color_mode":"transparent","checkout_sidebar_background_color":"#fcf9f1","checkout_heading_font":"-apple-system, BlinkMacSystemFont, 'Segoe UI', Roboto, Helvetica, Arial, sans-serif, 'Apple Color Emoji', 'Segoe UI Emoji', 'Segoe UI Symbol'","checkout_body_font":"-apple-system, BlinkMacSystemFont, 'Segoe UI', Roboto, Helvetica, Arial, sans-serif, 'Apple Color Emoji', 'Segoe UI Emoji', 'Segoe UI Symbol'","checkout_accent_color":"#4f6b7f","checkout_button_color":"#8ca8b4","checkout_error_color":"#e32c2b","cart_notes_enable":true,"product_layout":"image_scroll","icon_style":"icons","og_image_fallback":"shopify:\/\/shop_images\/trending-social-share-image.jpg","show_labels":false,"quikckshop_show_price_savings":true,"logo_width":200,"field_input_style":"square","btn1_font_size":16,"btn1_border_radius":0,"btn1_block":false,"btn1_bg_color":"#43abd1","btn1_border_color":"rgba(0,0,0,0)","btn1_text_color":"#ffffff","btn1_bg_color--highlight":"#d3d3d3","btn1_border_color--highlight":"rgba(0,0,0,0)","btn1_text_color--highlight":"#ffffff","btn2_font_size":16,"btn2_border_radius":0,"btn2_block":false,"btn2_bg_color":"#ffffff","btn2_border_color":"#000000","btn2_text_color":"#000000","btn2_bg_color--highlight":"#000000","btn2_border_color--highlight":"rgba(0,0,0,0)","btn2_text_color--highlight":"#ffffff","btn3_font_size":12,"btn3_border_radius":2,"btn3_bg_color":"#ffffff","btn3_bg_color_transparency":100,"btn3_bg_color--highlight":"#43abd1","btn3_bg_color_transparency--highlight":100,"btn3_border_color":"#43abd1","btn3_border_color--highlight":"#43abd1","btn3_text_color":"#43abd1","btn3_text_color--highlight":"#ffffff","btn3_icon":"","btn3_icon_position":"left","btn3_animation":"checkmark","text_alignment":"center","sale_banner_enabled":"true","banner_shape":"round","sale_banner_position":"left","sections":{"404__main":{"type":"404__main","settings":{"not_found_text":"<p>We're sorry, but the page you requested could not be found.<\/p><p>Try searching or <a href='\/collections\/all'>continue shopping<\/a>.<\/p>","display_search_field":true,"width":"standard","padding_top":40,"padding_bottom":40,"css_class":"","custom_css":""}},"cart__main":{"type":"cart__main","settings":{"display_product_quantity_cart":true,"display_savings":true,"cart_message":"","width":"standard","padding_top":40,"padding_bottom":40,"css_class":"","custom_css":""}},"list-collections__main":{"type":"list-collections__main","settings":{"collections_per_row":3,"pagination_limit":48,"pagination_type":"basic_pagination","align_height":false,"collection_height":400,"button_style":"button--primary","overlay_background":"#227c9d","overlay_background_opacity":40,"overlay_text":"#ffffff","collection_title_below_image":false,"width":"standard","padding_top":40,"padding_bottom":40,"css_class":"","custom_css":""}},"blog__main":{"type":"blog__main","settings":{"blog_tags":false,"blog_posts_per_row":3,"blog_posts_per_page":12,"pagination_type":"basic_pagination","blog_author":false,"blog_date":true,"read_time":true,"blog_comment_count":false,"blog_show_tags":false,"blog_show_excerpt":false,"show_border":false,"button_label":"","button_type":"button--link-style","width":"standard","padding_top":40,"padding_bottom":40,"animation":"none","css_class":"","custom_css":""}},"product-image-scroll__main":{"type":"product-image-scroll__main","settings":{"enable_zoom":true,"enable_product_lightbox":true,"display_thumbnails":true,"slideshow_speed":3,"slideshow_transition":"slide","enable_thumbnail_slider":true,"product_images_position":"left","set_product_height":false,"product_height":500,"video_looping":false,"width":"wide","padding_top":20,"padding_bottom":0,"css_class":"","custom_css":""}},"password__main":{"type":"password__main","settings":{"custom_logo":"shopify:\/\/shop_images\/trending__logo-black.png","password-page-background":"shopify:\/\/shop_images\/trending__password-01.jpg","pagework_page_bg_stretched":false,"copyright_text":"","display_designed_by":true,"display_shopify":true,"social_media":true,"password_page_background_color":"#ffffff","password_page_text_color":"#000000","newsletter_title":"Subscribe","newsletter_richtext":"<p>Sign up to get the latest on sales, new releases and more …<\/p>","show_signup_form":true,"display_first_name":false,"display_last_name":false,"padding_top":40,"padding_bottom":40,"css_class":"","custom_css":""}},"header-centered":{"type":"header-centered","settings":{"logo":"shopify:\/\/shop_images\/Artboard_1_copy_3_2x_1600x_057a41b4-63d9-42a8-a973-72a7b173f21b.webp","logo_width":360,"logo_position":"above","main_linklist":"new-menu-2022","menu_spacing":"maximum","dropdown_click":false,"enable_overlay":false,"show_text_shadow":false,"overlay_background":"#ffffff","overlay_background_opacity":20,"overlay_link_color":"#303030","overlay_link_hover_color":"#808080","overlay_logo_width":225,"enable_sticky":true,"display_search":true,"sticky_background_opacity":100,"scroll_logo_width":250,"width":"standard","css_class":"","custom_css":""}},"header-centered__top-bar":{"type":"header-centered__top-bar","settings":{"show_social_icons":false,"text":"<p><a href=\"tel:+1 8 3 3 8 5 1 9 3 78\" title=\"tel:+1 8 3 3 8 5 1 9 3 78\">+1 (833) 851-9378 |  <\/a><a href=\"mailto:AskUs@EileenWest.com\">AskUs@EileenWest.com<\/a><\/p>","show_locale_selector":false,"show_currency_selector":false,"font":"optima_nova_n4","font_style":"none","font_size":13,"letter_spacing":1,"top_bar_background":"#ffffff","top_bar_link":"#303030","top_bar_link_hover":"#808080","top_bar_text":"#303030","display_search":true,"icon_style":"icons_text","cart_button_background":"#ffffff","cart_button_text":"#454545","css_class":"","custom_css":""}},"announcement-bar":{"type":"announcement-bar","settings":{"icon_label":"truck","text":"<p>FREE SHIPPING & RETURNS ON ALL U.S. ORDERS ABOVE $75 <\/p>","alignment":"center","size":"regular","button_label":"","link":"","button_style":"button--primary","background":"#4f6b7f","text_color":"#ffffff","width":"wide","homepage_only":false,"enable_sticky":false,"show_close_icon":false,"css_class":"","custom_css":""}},"header__top-bar":{"type":"header__top-bar","blocks":{"header__top-bar-0":{"type":"text","settings":{"text":"123 Main Street, Pleasantville USA"}},"header__top-bar-1":{"type":"social_media","settings":{}}},"block_order":["header__top-bar-0","header__top-bar-1"],"settings":{"show_top_bar":true,"font":"open_sans_n4","font_style":"none","font_size":14,"letter_spacing":0,"show_locale_selector":true,"show_currency_selector":true,"background":"rgba(0,0,0,0)","link_color":"rgba(0,0,0,0)","link_hover_color":"rgba(0,0,0,0)","text_color":"rgba(0,0,0,0)","width":"standard","css_class":"","custom_css":""}},"header-classic":{"type":"header-classic","settings":{"logo_width":200,"main_linklist":"main-menu","menu_alignment":"start","dropdown_click":false,"display_search":true,"icon_style":"icons","enable_overlay":false,"show_text_shadow":false,"overlay_link_color":"rgba(0,0,0,0)","overlay_link_hover_color":"rgba(0,0,0,0)","overlay_background":"rgba(0,0,0,0)","overlay_background_opacity":0,"overlay_logo_width":80,"enable_sticky":false,"sticky_background_opacity":50,"scroll_logo_width":80,"width":"standard","vertical_alignment":"center","css_class":"","custom_css":""}},"mega-menu-1":{"type":"mega-menu-1","blocks":{"17eebbd4-4da4-452f-9628-95a4d8e66114":{"type":"image","settings":{"image":"shopify:\/\/shop_images\/New_Arrivals_82_05_E5025074_149_031.jpg","image_link":"shopify:\/\/collections\/sc-eileen-west-new-arrivals","image_caption":"<p>New Arrivals<\/p>"}},"4ef000c4-733d-48d6-a9ed-760885861161":{"type":"image","settings":{"image":"shopify:\/\/shop_images\/Nightgowns_78_05_E5225073_001_001.jpg","image_link":"shopify:\/\/collections\/sc-eileen-west-gowns","image_caption":"<p>Nightgowns <\/p>"}},"015d30e7-ed81-4d1c-a18e-7f831327a884":{"type":"image","settings":{"image":"shopify:\/\/shop_images\/Pajamas_90_05_C5725081_168_020.jpg","image_link":"shopify:\/\/collections\/sc-eileen-west-pajamas","image_caption":"<p>Pajamas<\/p>"}},"8dababba-2493-40b9-999e-9198e5da9729":{"type":"image","settings":{"image":"shopify:\/\/shop_images\/Extended_Sizes_35_05_E6025074_006_007.jpg","image_link":"shopify:\/\/collections\/extended-sizes","image_caption":"<p>Extended Sizes<\/p>"}},"1e813774-6558-45cc-8c86-82090952b681":{"type":"image","settings":{"image":"shopify:\/\/shop_images\/SETS_66_05_E5225063-E5825063_109_010.jpg","image_link":"shopify:\/\/collections\/sets-sc","image_caption":"<p>Sets<\/p>"}},"f20a1c18-e9b1-4cca-8846-d874cbdf29c5":{"type":"image","settings":{"image":"shopify:\/\/shop_images\/ROBES_220616_EILEENWEST_BELAIR_L16_054-lo.jpg","image_link":"shopify:\/\/collections\/sc-eileen-west-robes","image_caption":"<p>Robes<\/p>"}}},"block_order":["17eebbd4-4da4-452f-9628-95a4d8e66114","4ef000c4-733d-48d6-a9ed-760885861161","015d30e7-ed81-4d1c-a18e-7f831327a884","8dababba-2493-40b9-999e-9198e5da9729","1e813774-6558-45cc-8c86-82090952b681","f20a1c18-e9b1-4cca-8846-d874cbdf29c5"],"settings":{"parent_link":"Shop All","enable_mega_menu_border":false,"mega_menu_background_color":"#fcf9f1","mega_menu_text_color":"#404040","show_mega_bottom_bar":true,"mega_bottom_bar_icon":"truck","mega_bottom_bar_text":"FREE SHIPPING ON ALL U.S. ORDERS ABOVE $75","mega_bottom_bar_link":"","size":"regular","bottom_banner_bg":"#8ca8b4","bottom_banner_text":"#ffffff","css_class":"","custom_css":""}},"footer__icon-bar":{"type":"footer__icon-bar","blocks":{"footer__icon-bar-0":{"type":"text","settings":{"icon":"star","text":"Exceptional quality","link":""}},"footer__icon-bar-1":{"type":"text","settings":{"icon":"hanger","text":"Ethically made","link":""}},"footer__icon-bar-3":{"type":"text","settings":{"icon":"box","text":"Free shipping & returns","link":""}}},"block_order":["footer__icon-bar-0","footer__icon-bar-1","footer__icon-bar-3"],"settings":{"show_icon_bar":false,"alignment":"center","icon_position":"column","size":"large","background":"#e5ddce","link_color":"#ffffff","link_hover_color":"#be7a2c","text_color":"#8c523c","width":"standard","css_class":"","custom_css":""}},"footer-classic":{"type":"footer-classic","blocks":{"780e8e40-6157-42af-875a-a13e78f1c459":{"type":"text","settings":{"title":"Sign up and save 15%","content":"<p><a href=\"tel:3236538336\" target=\"_blank\" title=\"tel:3236538336\">Text <\/a><\/p>","social_icons_footer":false}},"443a4ed6-9d62-47b8-9a30-0f57ba0ae8b7":{"type":"empty","settings":{}},"footer-classic-1":{"type":"link_list","settings":{"menu":"about-us","social_icons_footer":true}},"4fc3decf-892f-41c6-91c0-0d3563938ee8":{"type":"link_list","settings":{"menu":"customer-service","social_icons_footer":false}}},"block_order":["780e8e40-6157-42af-875a-a13e78f1c459","443a4ed6-9d62-47b8-9a30-0f57ba0ae8b7","footer-classic-1","4fc3decf-892f-41c6-91c0-0d3563938ee8"],"settings":{"copyright_text":"","display_designed_by":false,"display_shopify":false,"display_payment_methods":true,"show_locale_selector":false,"show_currency_selector":false,"css_class":"","custom_css":""}},"collection__main":{"type":"collection__main","settings":{"collection_breadcrumb":true,"collection_tags":true,"collection_sort":true,"show_promo_banner":true,"image":"shopify:\/\/shop_images\/trending__collectionpage--banner-01--May2021.jpg","image_darken":false,"promo_title":"Last chance sale","promo_text":"<p>Get an additional 15% off sale items with code &#x27;15OFF&#x27;<\/p>","banner_height":"medium","align_height":false,"collection_height":200,"products_per_row":3,"mobile_products_per_row":"2","pagination_limit":12,"pagination_type":"infinite_scroll","width":"wide","padding_top":40,"padding_bottom":40,"css_class":"","custom_css":""}},"product__sidebar":{"type":"product__sidebar","settings":{"css_class":"","custom_css":""}},"product__main":{"type":"product__main","settings":{"product_images_position":"left","set_product_height":false,"product_height":500,"video_looping":false,"gallery_arrows":true,"enable_zoom":true,"enable_product_lightbox":true,"slideshow_speed":3,"slideshow_transition":"slide","display_thumbnails":true,"thumbnail_position":"bottom-thumbnails","enable_thumbnail_slider":true,"width":"standard","padding_top":20,"padding_bottom":20,"animation":"none","css_class":"","custom_css":""}},"popup":{"type":"popup","settings":{"show_close_icon":true,"show_popup_on_mobile":true,"display_border":true,"border_color":"rgba(0,0,0,0)","border_width":0,"newsletter_title":"Subscribe to our mailing list","newsletter_text":"<p>Be the first to read about our new arrivals, latest interviews, and newsletter exclusives by signing up below.<\/p>","newsletter_section_text_align":"center","text_color":"#000000","background_color":"#ffffff","show_signup_form":true,"display_first_name":true,"display_last_name":false,"image_cropping":"none","image_position":"left","overlay_color":"#414e66","overlay_background_opacity":70,"popup_delay":2,"popup_days_to_hide":"30","animation":"fadeIn","css_class":"","custom_css":""}},"login-form":{"type":"login-form","settings":{"richtext":"","image":"shopify:\/\/shop_images\/pexels-arina-krasnikova-5418922.jpg","image_position":"right","width":"standard","padding_top":40,"padding_bottom":40,"css_class":"","custom_css":""}},"fixed-message":{"type":"fixed-message","settings":{"text":"<p>We use cookies to optimize your site experience. By interacting with our site, you agree to our use of cookies. <\/p>","button_label":"Learn more","button_style":"button--link-style","background":"#ffffff","background_opacity":100,"text_color":"#000000","width":"standard","css_class":"","custom_css":""}},"product__recommendations":{"type":"product__recommendations","settings":{"show_product_recommendations":true,"product_recommendations_style":"grid","product_recommendations_heading":"You might also love...","products_per":4,"recommended_products_limit":4,"align_height":false,"collection_height":200,"width":"wide","padding_top":20,"padding_bottom":0,"animation":"none","css_class":"","custom_css":""}},"article__main":{"type":"article__main","settings":{"show_breadcrumb":true,"blog_author":false,"blog_date":true,"read_time":true,"blog_comment_count":true,"show_tags":false,"show_featured_image":false,"width":"standard","padding_top":40,"padding_bottom":40,"css_class":"","custom_css":""}},"search__main":{"type":"search__main","settings":{"search_breadcrumb":true,"text":"<p>Find what you seek.<\/p>","products_per_row":3,"mobile_products_per_row":"2","pagination_limit":48,"pagination_type":"basic_pagination","align_height":false,"collection_height":200,"blog_author":false,"blog_date":true,"width":"standard","padding_top":40,"padding_bottom":40,"css_class":"","custom_css":""}},"footer-centered":{"type":"footer-centered","blocks":{"07066192-4a23-4971-b851-1da14e55df03":{"type":"newsletter","settings":{"newsletter_title":"","newsletter_richtext":"<p>Subscribe to our mailing list for newsletter exclusives<\/p>","display_first_name":false,"display_last_name":false}},"footer-centered-3":{"type":"social","settings":{}},"54cfff20-648d-4817-a8a8-51831ab6cb5e":{"type":"link_list","settings":{"menu":"footer"}}},"block_order":["07066192-4a23-4971-b851-1da14e55df03","footer-centered-3","54cfff20-648d-4817-a8a8-51831ab6cb5e"],"settings":{"copyright_text":"","display_designed_by":false,"display_shopify":false,"display_payment_methods":true,"show_locale_selector":true,"show_currency_selector":false,"css_class":"","custom_css":""}},"mega-menu-2":{"type":"mega-menu-2","blocks":{"5b7f1ca0-3ec7-401f-98b3-d1d0fc04b938":{"type":"image","settings":{"image":"shopify:\/\/shop_images\/220616_EILEENWEST_BELAIR_L11_198-lo.jpg","image_link":"shopify:\/\/collections\/sc-queen-annes-lace","image_caption":"<p>SHOP ALL<\/p>"}},"0902d9d9-4be9-4f77-8953-d7950e6d2bbc":{"type":"image","settings":{"image":"shopify:\/\/shop_images\/000906530028-1-lo.jpg","image_link":"shopify:\/\/collections\/sc-queen-annes-lace-gowns","image_caption":"<p>Nightgowns<\/p>"}},"8cd04d95-5f73-4eb5-9170-ea877c2bdcd1":{"type":"menu","settings":{"menu_1":"queen-annes-lace","menu_1_link":""}},"22694bbd-5acc-4195-8bfd-dec86186cec9":{"type":"image","settings":{"image":"shopify:\/\/shop_images\/98_05_E5125020_100_0218-lo.jpg","image_link":"shopify:\/\/collections\/sc-queen-annes-lace-robes","image_caption":"<p>Robes<\/p>"}},"c8c595f4-ec42-498b-a39b-afe88a9a22e0":{"type":"image","settings":{"image":"shopify:\/\/shop_images\/139_05_Q128442_100_7214-lo.jpg","image_link":"shopify:\/\/collections\/sc-queen-annes-lace-plus","image_caption":"<p>Extended Sizes<\/p>"}},"6a477375-136e-4abf-a69b-9a593f4fb2c8":{"type":"image","settings":{"image":"shopify:\/\/shop_images\/220616_EILEENWEST_BELAIR_L11_127-lo.jpg","image_link":"shopify:\/\/products\/heirloom-dream-chemise-q101888","image_caption":"<p>Heirloom Dream Chemise<\/p>"}}},"block_order":["5b7f1ca0-3ec7-401f-98b3-d1d0fc04b938","0902d9d9-4be9-4f77-8953-d7950e6d2bbc","8cd04d95-5f73-4eb5-9170-ea877c2bdcd1","22694bbd-5acc-4195-8bfd-dec86186cec9","c8c595f4-ec42-498b-a39b-afe88a9a22e0","6a477375-136e-4abf-a69b-9a593f4fb2c8"],"settings":{"parent_link":"Queen Anne's Lace","enable_mega_menu_border":false,"mega_menu_background_color":"#fcf9f1","mega_menu_text_color":"#404040","show_mega_bottom_bar":true,"mega_bottom_bar_icon":"truck","mega_bottom_bar_text":"FREE SHIPPING ON ALL U.S. ORDERS ABOVE $75","mega_bottom_bar_link":"","size":"regular","bottom_banner_bg":"#8ca8b4","bottom_banner_text":"#ffffff","css_class":"","custom_css":""}},"footer-promotional":{"type":"footer-promotional","blocks":{"b5308c2b-f9c1-48e8-a1a4-b03b54298d9c":{"type":"newsletter","settings":{"newsletter_title":"Subscribe","newsletter_richtext":"<p>Sign up to get the latest on sales, new releases and more …<\/p>","display_first_name":false,"display_last_name":false,"heading":"Contact us","description":"<p><a href=\"tel:+1 833 851-9378\" title=\"tel:+1 833 851-9378\">+1 (833) 851-9378<\/a><\/p><p><a href=\"mailto:AskUs@EileenWest.com\" title=\"mailto:AskUs@EileenWest.com\">AskUs@EileenWest.com<\/a><\/p>"}},"footer-promotional-1":{"type":"link_list","settings":{"menu_1":"customer-service-new","menu_2":"about-eileen-west","menu_3":"my-account","social":true}},"2afcdc25-8c5e-48eb-b44f-75b5214a7c6b":{"type":"link_list","disabled":true,"settings":{"menu_1":"customer-service","menu_2":"focal-main-menu-smart-collections","menu_3":"main-menu","social":false}}},"block_order":["b5308c2b-f9c1-48e8-a1a4-b03b54298d9c","footer-promotional-1","2afcdc25-8c5e-48eb-b44f-75b5214a7c6b"],"settings":{"copyright_text":"","display_designed_by":false,"display_shopify":false,"display_payment_methods":true,"show_locale_selector":false,"show_currency_selector":false,"enable_promo":true,"promo_background":"#fcf9f1","promo_text":"#2d2d2d","promo_position":"row-reverse","promo_image":"shopify:\/\/shop_images\/000906530028-lo.jpg","richtext":"<p>Shop our Queen Anne's Lace Collection<\/p>","promo_link":"shopify:\/\/collections\/queen-annes-lace-new","button_label":"Shop now","button_style":"button--link-style","css_class":"","custom_css":""}},"mega-menu-3":{"type":"mega-menu-3","blocks":{"ca481460-31a7-4681-9037-122c3bd6619b":{"type":"image","settings":{"image_link":"","image_caption":""}},"d8e5fab9-86c0-41af-b6f3-b26baff7b099":{"type":"menu","settings":{"menu_1":"","menu_1_link":""}},"005e28fe-045d-4e33-a5ab-867ffbd421b4":{"type":"image","settings":{"image_link":"","image_caption":""}},"ae8c29e3-d39b-49b9-a900-f6a73063362b":{"type":"image","settings":{"image_link":"","image_caption":""}},"8579a1a4-e35e-4ea1-a9c1-7964c42bab9f":{"type":"image","settings":{"image_link":"","image_caption":""}}},"block_order":["ca481460-31a7-4681-9037-122c3bd6619b","d8e5fab9-86c0-41af-b6f3-b26baff7b099","005e28fe-045d-4e33-a5ab-867ffbd421b4","ae8c29e3-d39b-49b9-a900-f6a73063362b","8579a1a4-e35e-4ea1-a9c1-7964c42bab9f"],"settings":{"parent_link":"MEN","enable_mega_menu_border":false,"mega_menu_background_color":"#edebe4","mega_menu_text_color":"#404040","show_mega_bottom_bar":true,"mega_bottom_bar_icon":"truck","mega_bottom_bar_text":"FREE SHIPPING & RETURNS ON U.S. ORDERS $100+","mega_bottom_bar_link":"","size":"regular","bottom_banner_bg":"#afa899","bottom_banner_text":"#ffffff","css_class":"","custom_css":""}},"header-search-focus":{"type":"header-search-focus","settings":{"logo_width":200,"search_background":"#363636","search_icon":"#FFFFFF","icon_style":"icons","main_linklist":"main-menu","menu_alignment":"start","dropdown_click":false,"enable_sticky":false,"sticky_background_opacity":100,"scroll_logo_width":200,"width":"standard","css_class":"","custom_css":""}}},"content_for_index":[],"blocks":{"5038451100865107764":{"type":"shopify:\/\/apps\/product-filter-search\/blocks\/boost-pfs\/7fc998ae-a150-4367-bab8-505d8a4503f7","disabled":true,"settings":{}},"16114465257489415219":{"type":"shopify:\/\/apps\/product-filter-search\/blocks\/boost-pfs-style\/7fc998ae-a150-4367-bab8-505d8a4503f7","disabled":true,"settings":{}},"7456567658179156570":{"type":"shopify:\/\/apps\/adroll-advertising-marketing\/blocks\/adroll-pixel\/c60853ed-1adb-4359-83ae-4ed43ed0b559","disabled":true,"settings":{"enable_email_capture":true}},"855628211100114053":{"type":"shopify:\/\/apps\/klaviyo-email-marketing-sms\/blocks\/klaviyo-onsite-embed\/2632fe16-c075-4321-a88b-50b567f42507","disabled":false,"settings":{}}}}}