{"sections":{"banner":{"type":"banner","settings":{"image":"shopify:\/\/shop_images\/404.jpg","image_darken":false,"subtitle":"","width":"wide","banner_height":"large","padding_top":3,"padding_bottom":0,"css_class":"","custom_css":""}},"main":{"type":"404__main","settings":{"not_found_text":"<p>Oops! The page you requested could not be found.<\/p><p>Try searching below or <a href=\"\/collections\/sc-eileen-west\" title=\"Eileen West\">continue shopping<\/a>.<\/p>","display_search_field":true,"width":"standard","padding_top":40,"padding_bottom":30,"css_class":"","custom_css":""}}},"order":["banner","main"]}