{"sections":{"banner":{"type":"banner","disabled":true,"settings":{"image_darken":true,"subtitle":"Subheading","width":"wide","banner_height":"medium","padding_top":0,"padding_bottom":0,"css_class":"","custom_css":""}},"main":{"type":"blog__main","settings":{"blog_tags":false,"blog_posts_per_row":3,"blog_posts_per_page":12,"pagination_type":"basic_pagination","show_sidebar":false,"sidebar_position":"left","blog_author":false,"blog_date":true,"read_time":false,"blog_comment_count":false,"blog_show_tags":false,"blog_show_excerpt":false,"show_border":false,"button_label":"","button_type":"button--primary","width":"standard","padding_top":40,"padding_bottom":40,"animation":"none","css_class":"","custom_css":""}}},"order":["banner","main"]}