{"sections":{"banner":{"type":"banner","disabled":true,"settings":{"image":"shopify:\/\/shop_images\/bedhead-on-the-beach-cart.jpg","image_darken":false,"subtitle":"","width":"wide","banner_height":"small","padding_top":20,"padding_bottom":0,"css_class":"","custom_css":""}},"main":{"type":"cart__main","settings":{"display_product_quantity_cart":true,"display_savings":true,"cart_message":"","width":"standard","padding_top":40,"padding_bottom":40,"css_class":"","custom_css":""}}},"order":["banner","main"]}