{"sections":{"banner":{"type":"fallback_image_banner","settings":{"image_darken":true,"width":"wide","banner_height":"medium","padding_top":0,"padding_bottom":0,"css_class":"","custom_css":""}},"subcollections":{"type":"subcollections","settings":{"collections_per_row":3,"mobile_collections_per_row":"1","align_height":false,"collection_height":400,"button_style":"button--primary","overlay_background":"#939393","overlay_background_opacity":70,"overlay_text":"#FFFFFF","collection_title_below_image":false,"width":"standard","padding_top":20,"padding_bottom":0,"css_class":"","custom_css":""}},"main":{"type":"collection__main","blocks":{"64b5c85e-6d02-4a1b-b057-f27d28f0217c":{"type":"faceted_filtering","settings":{}}},"block_order":["64b5c85e-6d02-4a1b-b057-f27d28f0217c"],"settings":{"collection_breadcrumb":true,"collection_tags":true,"collection_sort":true,"show_sidebar":false,"sidebar_position":"left","show_promo_banner":false,"image_darken":true,"promo_title":"Special sale on now!","promo_text":"<p>Description of promotion with lots of details.<\/p>","banner_height":"medium","align_height":false,"collection_height":200,"products_per_row":3,"mobile_products_per_row":"1","pagination_limit":48,"pagination_type":"basic_pagination","width":"standard","padding_top":40,"padding_bottom":40,"css_class":"","custom_css":""}}},"order":["banner","subcollections","main"]}