{"sections":{"16477271937216cee1":{"type":"index__rich-text","settings":{"title":"Matching Sets","heading_font":"din_neuzeit_grotesk_n3","heading_color":"rgba(0,0,0,0)","heading_alignment":"center","heading_size":20,"text":"<p>BedHead Pajamas' matching family pajamas are crafted in ultrasoft organic cotton that is Global Organic Textile Standard (GOTS). <\/p><p>The natural fibers and quality craftsmanship of our pajamas will promote a peaceful night in, while also allowing our customers to express themselves through exclusive whimsical prints. <\/p>","text_font":"din_neuzeit_grotesk_n3","text_color":"rgba(0,0,0,0)","text_alignment":"center","text_size":14,"columns":1,"button_label":"","button_link":"","button_alignment":"center","button_style":"button--primary","background":"#ffffff","gradient":"#ffffff","gradient_rotation":180,"width":"wide","padding_top":20,"padding_bottom":0,"padding_left":0,"padding_right":0,"animation":"none","css_class":"","custom_css":""}},"1647925797d9ac72cf":{"type":"collection-header-slider","blocks":{"434aa4cf-6345-4f04-a09d-2d0e87242633":{"type":"item","settings":{"collection":"snoopy-venice-beach","heading":"","button_label":"SHOP NOW","video":""}},"007f91bc-e987-42a4-871b-330bf8945c71":{"type":"item","settings":{"collection":"snoopy-pool-float-1","heading":"","button_label":"SHOP NOW","video":""}},"999ce0e7-2faf-4c9b-bfbd-5f511ba2cbae":{"type":"item","settings":{"collection":"checkmate","heading":"","button_label":"SHOP NOW","video":""}},"bf74abc1-f945-47fd-bb26-f34e4191737c":{"type":"item","settings":{"collection":"best-in-show","heading":"","button_label":"View Shop","video":""}},"73ca9cde-3f4a-4b50-82cd-3391c6691c76":{"type":"item","settings":{"collection":"honey-bears-2022","image":"shopify:\/\/shop_images\/08_FULL_FAMILY_4906B_HONEY_BEARS_463_x960_09f121fa-9d86-4fa8-8645-6c3e827b77f0.webp","heading":"","button_label":"SHOP NOW","video":""}},"32c581fb-bbcf-4f02-b6d1-a006fc0fbf4d":{"type":"item","settings":{"collection":"night-owls-1","image":"shopify:\/\/shop_images\/22_FAMILY_4788B_Night_Owls_1464_x960_e0a83f7b-cd92-44ae-b3a4-a17aaa8b5d89.webp","heading":"","button_label":"SHOP NOW","video":""}},"928c0277-25de-45f0-9a74-e3311320fca1":{"type":"item","settings":{"collection":"lets-play-monopoly-1","image":"shopify:\/\/shop_images\/C07089-01_rpt_INDEX_1.webp","heading":"","button_label":"SHOP NOW","video":""}},"209d6e1b-33f8-4583-b9ed-eafde477c544":{"type":"item","settings":{"collection":"fruit-pies-2022","image":"shopify:\/\/shop_images\/22_FAMILY_4788B_FRUIT_PIES_1464.webp","heading":"","button_label":"SHOP NOW","video":""}},"10178696-b62a-45a0-afe3-ee6da5282c57":{"type":"item","settings":{"collection":"off-the-grid-2022","image":"shopify:\/\/shop_images\/02_FAMILY_4904B_OFF_THE_GRID_253_x960_b0341e43-8e92-4af2-a681-4615725f7d92.webp","heading":"","button_label":"SHOP NOW","video":""}},"0e6ce6ce-8a56-46b6-8db7-60f46e87e974":{"type":"item","settings":{"collection":"golden-state-2022","image":"shopify:\/\/shop_images\/Golden_State__659_x960_x960_db5cd596-38d7-4268-824d-6ec6438ffdd6.webp","heading":"","button_label":"SHOP NOW","video":""}},"c96a4da5-478f-464a-9ba7-28c07be6aef1":{"type":"item","settings":{"collection":"monopoly-gameboard-1","heading":"","button_label":"SHOP NOW","video":""}},"7fe0e77e-16e5-4324-a4d6-2f703eecd3bf":{"type":"item","settings":{"collection":"palm-springs","heading":"","button_label":"SHOP NOW","video":""}},"de8575ee-da17-40a8-84e7-df28c559db61":{"type":"item","settings":{"collection":"pizza-party","heading":"","button_label":"SHOP NOW","video":""}},"a3b1bee5-f78e-440a-8c31-bf1dadcfb628":{"type":"item","settings":{"collection":"regatta","heading":"","button_label":"SHOP NOW","video":""}},"57171cd4-6bb4-4680-bf8b-eb30677d24c3":{"type":"item","settings":{"collection":"takeout","heading":"","button_label":"SHOP NOW","video":""}},"c789240b-49bc-402f-96e4-74f0b8ab6320":{"type":"item","settings":{"collection":"funfetti-macarons","image":"shopify:\/\/shop_images\/BH2923790-BHK2723790_4968B_FUNFETI_MACARONS_3587_14d89aa4-68e8-4878-85e6-8dc525df7854.jpg","heading":"","button_label":"SHOP NOW","video":""}},"50e94a42-2dfb-453b-aa08-61696c24544a":{"type":"item","settings":{"collection":"burgers-fries","heading":"","button_label":"SHOP NOW","video":""}},"76608d32-1e2b-439e-ac87-be2b272d6664":{"type":"item","settings":{"collection":"donuts-and-hot-cocoa","heading":"","button_label":"View Shop","video":""}},"23380877-3533-4505-a148-bf4da3a4c278":{"type":"item","settings":{"collection":"peanuts-comic-strip","heading":"","button_label":"View Shop","video":""}}},"block_order":["434aa4cf-6345-4f04-a09d-2d0e87242633","007f91bc-e987-42a4-871b-330bf8945c71","999ce0e7-2faf-4c9b-bfbd-5f511ba2cbae","bf74abc1-f945-47fd-bb26-f34e4191737c","73ca9cde-3f4a-4b50-82cd-3391c6691c76","32c581fb-bbcf-4f02-b6d1-a006fc0fbf4d","928c0277-25de-45f0-9a74-e3311320fca1","209d6e1b-33f8-4583-b9ed-eafde477c544","10178696-b62a-45a0-afe3-ee6da5282c57","0e6ce6ce-8a56-46b6-8db7-60f46e87e974","c96a4da5-478f-464a-9ba7-28c07be6aef1","7fe0e77e-16e5-4324-a4d6-2f703eecd3bf","de8575ee-da17-40a8-84e7-df28c559db61","a3b1bee5-f78e-440a-8c31-bf1dadcfb628","57171cd4-6bb4-4680-bf8b-eb30677d24c3","c789240b-49bc-402f-96e4-74f0b8ab6320","50e94a42-2dfb-453b-aa08-61696c24544a","76608d32-1e2b-439e-ac87-be2b272d6664","23380877-3533-4505-a148-bf4da3a4c278"],"settings":{"font_color":"#ffffff","btn_color":"#808080","btn_bg":"#ffffff","btn_border_color":"#808080","hr_btn_color":"#808080","hr_btn_bg":"#d5ccba","hr_btn_border_color":"","font":"din_neuzeit_grotesk_n3","heading_font":20}},"1647971641f09b3e48":{"type":"index__collection-list","disabled":true,"blocks":{"16479716412f3fc231-0":{"type":"collection","settings":{"feature_collection":"milk-cookies","video":"","title":"MILK & COOKIES","button_label":""}},"16479716412f3fc231-1":{"type":"collection","settings":{"feature_collection":"honey-bear","video":"","title":"","button_label":""}},"16479716412f3fc231-2":{"type":"collection","settings":{"feature_collection":"lets-play-monopoly","video":"","title":"","button_label":"SHOP NOW"}},"2f3f6cac-ccae-42da-93e7-e234aa35c9c1":{"type":"collection","settings":{"feature_collection":"space-cadet","video":"","title":"","button_label":"SHOP NOW"}},"129fedce-c5ce-43c5-b115-629d95753ba0":{"type":"collection","settings":{"feature_collection":"fruit-pies","video":"","title":"","button_label":"View products"}},"6be75c05-05bd-4821-9154-0d69b1df8f2c":{"type":"collection","settings":{"feature_collection":"blues","video":"","title":"","button_label":"View products"}}},"block_order":["16479716412f3fc231-0","16479716412f3fc231-1","16479716412f3fc231-2","2f3f6cac-ccae-42da-93e7-e234aa35c9c1","129fedce-c5ce-43c5-b115-629d95753ba0","6be75c05-05bd-4821-9154-0d69b1df8f2c"],"settings":{"collections_per_row":5,"align_height":false,"collection_height":400,"enable_zoom":true,"button_style":"button--secondary","overlay_background":"#939393","overlay_background_opacity":0,"overlay_text":"#000000","collection_title_below_image":false,"width":"standard","show_gutter":true,"padding_top":20,"padding_bottom":20,"animation":"none","css_class":"","custom_css":"","font_color":"#ffffff","btn_color":"","btn_bg":"","btn_border_color":"","font":"din_neuzeit_grotesk_n3","heading_font":30}},"1647635255c14a70f2":{"type":"index__gallery","disabled":true,"blocks":{"1647635255069b032f-0":{"type":"image","settings":{"link":""}},"1647635255069b032f-1":{"type":"image","settings":{"link":""}},"1647635255069b032f-2":{"type":"image","settings":{"link":""}},"1647635255069b032f-3":{"type":"image","settings":{"link":""}},"1a902b96-0ac5-46a3-b564-e29ed680329a":{"type":"image","settings":{"link":""}}},"block_order":["1647635255069b032f-0","1647635255069b032f-1","1647635255069b032f-2","1647635255069b032f-3","1a902b96-0ac5-46a3-b564-e29ed680329a"],"settings":{"gallery_type":"horizontal-masonry","crop_images":false,"images_per_row":5,"enable_lightbox":false,"overlay_color":"#000000","link_color":"#ffffff","width":"standard","show_gutter":true,"padding_top":20,"padding_bottom":20,"animation":"none","css_class":"","custom_css":""}},"banner":{"type":"fallback_image_banner","disabled":true,"settings":{"image_darken":true,"width":"standard","banner_height":"medium","padding_top":0,"padding_bottom":0,"css_class":"","custom_css":""}},"main":{"type":"family_colleciton_main","blocks":{"7cc80689-e0d6-401b-b956-7ea50f9dfcda":{"type":"tag_filter","settings":{"title":"PATTERN","filter_tags":"Red, Green, Blue","enable_filter_swatches":false}},"476c8697-9d45-4edc-a61f-4cade049ef52":{"type":"tag_filter","settings":{"title":"Color","filter_tags":"Red, Green, Blue, Women, Women's Hats, Hat, Hats, Ponchos & Wraps","enable_filter_swatches":false}},"32c93d6a-55e8-4969-b676-c18be2075deb":{"type":"faceted_filtering","disabled":true,"settings":{}},"29b3f27c-043f-4048-b559-1cb81cb6b648":{"type":"tag_filter","settings":{"title":"Style","filter_tags":"","enable_filter_swatches":false}},"35a50286-0feb-4004-9c6e-2dabc8ab7af9":{"type":"tag_list","disabled":true,"settings":{"title":"Category"}},"48386bb8-c720-47c0-9954-2912c940864c":{"type":"type_list","disabled":true,"settings":{"title":"Types"}},"4d92d833-74cd-483e-a441-1c11ccad7d26":{"type":"collection_list","disabled":true,"settings":{"title":"Collections"}},"b3e933b9-c48e-459c-8146-dedbd733f6c6":{"type":"featured_promo","disabled":true,"settings":{"promo_background":"#edebe4","promo_text":"#303030","richtext":"<p>Valentines Day is Here!<\/p>","promo_link":"","button_label":"Shop now","button_style":"button--primary"}},"7219726a-af43-4d0c-862a-37ffb526343c":{"type":"menu","disabled":true,"settings":{"menu":""}}},"block_order":["7cc80689-e0d6-401b-b956-7ea50f9dfcda","476c8697-9d45-4edc-a61f-4cade049ef52","32c93d6a-55e8-4969-b676-c18be2075deb","29b3f27c-043f-4048-b559-1cb81cb6b648","35a50286-0feb-4004-9c6e-2dabc8ab7af9","48386bb8-c720-47c0-9954-2912c940864c","4d92d833-74cd-483e-a441-1c11ccad7d26","b3e933b9-c48e-459c-8146-dedbd733f6c6","7219726a-af43-4d0c-862a-37ffb526343c"],"settings":{"collection_breadcrumb":false,"collection_tags":false,"collection_sort":false,"show_sidebar":false,"sidebar_position":"left","show_promo_banner":false,"image_darken":true,"promo_title":"Special sale on now!","promo_text":"<p>Description of promotion with lots of details.<\/p>","banner_height":"medium","align_height":false,"collection_height":200,"products_per_row":5,"mobile_products_per_row":"1","pagination_limit":48,"pagination_type":"basic_pagination","width":"standard","padding_top":10,"padding_bottom":20,"css_class":"family_collection","custom_css":""}},"1650547138b1bc2f08":{"type":"index__featured-collection","disabled":true,"blocks":{"ac124311-ccca-4f7e-8129-5e07f1855fec":{"type":"product","settings":{"product":""}}},"block_order":["ac124311-ccca-4f7e-8129-5e07f1855fec"],"settings":{"title":"collection","collection":"familybh_space-cadets","products_per":5,"mobile_products_per_row":"1","products_limit":10,"align_height":false,"collection_height":200,"collection_style":"grid","big_item":"left","big_width":20,"width":"wide","show_gutter":true,"padding_top":20,"padding_bottom":20,"animation":"none","custom_css":"","video":"","url":"","text":"","css_class":""}}},"order":["16477271937216cee1","1647925797d9ac72cf","1647971641f09b3e48","1647635255c14a70f2","banner","main","1650547138b1bc2f08"]}