{"sections":{"166063681010dc303c":{"type":"index__image-with-text-overlay","settings":{"link":"","image":"shopify:\/\/shop_images\/220615_EILEENWEST_BELAIR_L6_443-NEW-2.jpg","video":"","pretext":"","title":"","subtitle":"","pretext_color":"#000000","heading_color":"#000000","subheading_color":"#000000","text_alignment":"center","text_horizontal_position":"center","text_vertical_position":"middle","background_color":"#ffffff","background_opacity":77,"border_color":"#ffffff","border_width":0,"text_width":40,"button_1":"","button_1_link":"","button_1_style":"button--secondary","button_2":"","button_2_link":"","button_2_style":"button--secondary","mobile_image_crop":"none","mobile_text_below_image":true,"pretext_color_mobile":"rgba(0,0,0,0)","heading_color_mobile":"rgba(0,0,0,0)","subheading_color_mobile":"rgba(0,0,0,0)","btn_bg":"","btn_font":"","width":"wide","padding_top":0,"padding_bottom":0,"padding_left":0,"padding_right":0,"animation":"none","css_class":"","custom_css":""}},"166063691287cafbe0":{"type":"index__rich-text","settings":{"title":"QUEEN ANNE'S LACE","heading_font":"open_sans_n4","heading_color":"rgba(0,0,0,0)","heading_alignment":"center","heading_size":30,"text":"<p>Nam incidunt quia a odit quos ut sunt ipsum aut deserunt corrupti! Qui consequatur repellat non voluptate earum aut omnis illum ad quibusdam exercitationem sed veritatis dicta.<\/p>","text_font":"open_sans_n4","text_color":"rgba(0,0,0,0)","text_alignment":"center","text_size":14,"columns":1,"button_label":"SHOP THE COLLECTION","button_link":"","button_alignment":"center","button_style":"button--link-style","background":"#ffffff","gradient":"#ffffff","gradient_rotation":180,"width":"standard","padding_top":20,"padding_bottom":0,"padding_left":0,"padding_right":0,"animation":"none","css_class":"","custom_css":""}},"1660637104676a237b":{"type":"inner-big-small-imge","settings":{"bg_image":"shopify:\/\/shop_images\/EILEENWEST_Backgrounds-02.jpg","mobile_bg_image":"shopify:\/\/shop_images\/EILEENWEST_Backgrounds-01_Horiz.jpg","big_url":"","big_img":"shopify:\/\/shop_images\/220616_EILEENWEST_BELAIR_L11_198-lo-right.jpg","text":"BLACK LACE","btn_txt":"Shop","btn_url":"","button_1_style":"button--secondary","small_text":"NIGHTGOWN & ROBE","price":"98","url":"shopify:\/\/products\/the-julia-cotton-nightgown","product_img":"shopify:\/\/shop_images\/220616_EILEENWEST_BELAIR_L11_127-lo-left.jpg","shop_url":""}},"banner":{"type":"fallback_image_banner","disabled":true,"settings":{"image":"shopify:\/\/shop_images\/Header.jpg","image_darken":false,"width":"wide","banner_height":"small","padding_top":0,"padding_bottom":0,"css_class":"","custom_css":""}},"main":{"type":"collection__main","settings":{"position_of_promotion_card":24,"collection_handle":"all","collection_link_url":"","promotion_title":"Warehouse","collection_breadcrumb":true,"collection_tags":false,"collection_sort":true,"show_sidebar":false,"sidebar_position":"left","show_promo_banner":false,"image_darken":false,"promo_title":"Special sale on now!","promo_text":"<p>Description of promotion with lots of details.<\/p>","banner_height":"medium","align_height":false,"collection_height":200,"products_per_row":4,"mobile_products_per_row":"2","pagination_limit":50,"pagination_type":"load_more","width":"wide","padding_top":0,"padding_bottom":20,"css_class":"","custom_css":""}}},"order":["166063681010dc303c","166063691287cafbe0","1660637104676a237b","banner","main"]}