{"sections":{"banner":{"type":"fallback_image_banner","disabled":true,"settings":{"image_darken":true,"width":"wide","banner_height":"medium","padding_top":0,"padding_bottom":0,"css_class":"","custom_css":""}},"main":{"type":"collection__main","blocks":{"7cc80689-e0d6-401b-b956-7ea50f9dfcda":{"type":"tag_filter","settings":{"title":"PATTERN","filter_tags":"Red, Green, Blue","enable_filter_swatches":false}},"476c8697-9d45-4edc-a61f-4cade049ef52":{"type":"tag_filter","settings":{"title":"Color","filter_tags":"Red, Green, Blue, Women, Women's Hats, Hat, Hats, Ponchos & Wraps","enable_filter_swatches":false}},"32c93d6a-55e8-4969-b676-c18be2075deb":{"type":"faceted_filtering","disabled":true,"settings":{}},"29b3f27c-043f-4048-b559-1cb81cb6b648":{"type":"tag_filter","settings":{"title":"Style","filter_tags":"","enable_filter_swatches":false}},"35a50286-0feb-4004-9c6e-2dabc8ab7af9":{"type":"tag_list","disabled":true,"settings":{"title":"Category"}},"48386bb8-c720-47c0-9954-2912c940864c":{"type":"type_list","disabled":true,"settings":{"title":"Types"}},"4d92d833-74cd-483e-a441-1c11ccad7d26":{"type":"collection_list","disabled":true,"settings":{"title":"Collections"}},"b3e933b9-c48e-459c-8146-dedbd733f6c6":{"type":"featured_promo","disabled":true,"settings":{"promo_background":"#edebe4","promo_text":"#303030","richtext":"<p>Valentines Day is Here!<\/p>","promo_link":"","button_label":"Shop now","button_style":"button--primary"}},"7219726a-af43-4d0c-862a-37ffb526343c":{"type":"menu","disabled":true,"settings":{"menu":""}}},"block_order":["7cc80689-e0d6-401b-b956-7ea50f9dfcda","476c8697-9d45-4edc-a61f-4cade049ef52","32c93d6a-55e8-4969-b676-c18be2075deb","29b3f27c-043f-4048-b559-1cb81cb6b648","35a50286-0feb-4004-9c6e-2dabc8ab7af9","48386bb8-c720-47c0-9954-2912c940864c","4d92d833-74cd-483e-a441-1c11ccad7d26","b3e933b9-c48e-459c-8146-dedbd733f6c6","7219726a-af43-4d0c-862a-37ffb526343c"],"settings":{"collection_breadcrumb":true,"collection_tags":false,"collection_sort":false,"show_sidebar":false,"sidebar_position":"left","show_promo_banner":false,"image_darken":true,"promo_title":"Special sale on now!","promo_text":"<p>Description of promotion with lots of details.<\/p>","banner_height":"medium","align_height":false,"collection_height":200,"products_per_row":4,"mobile_products_per_row":"1","pagination_limit":50,"pagination_type":"load_more","width":"wide","padding_top":0,"padding_bottom":20,"css_class":"","custom_css":""}}},"order":["banner","main"]}