{"sections":{"1660637104676a237b":{"type":"inner-big-small-imge","disabled":true,"settings":{"bg_image":"shopify:\/\/shop_images\/EILEENWEST_Backgrounds-08.jpg","mobile_bg_image":"shopify:\/\/shop_images\/EILEENWEST_Backgrounds-08_Horiz.jpg","big_url":"shopify:\/\/products\/soft-blush-blossom-cotton-knit-pajama","big_img":"shopify:\/\/shop_images\/Vert-left.jpg","text":"Soft Blush Blossom","btn_txt":"Shop Now","btn_url":"shopify:\/\/products\/soft-blush-blossom-cotton-knit-pajama","button_1_style":"button--secondary","small_text":"Autumn Blues Cotton Nightgown","price":"","url":"shopify:\/\/products\/autumn-blues-cotton-nightgown","product_img":"shopify:\/\/shop_images\/Vert-left02.jpg","shop_url":""}},"b259e98f-c467-4047-816c-9db5aea38757":{"type":"index__image-with-text-overlay","settings":{"link":"shopify:\/\/products\/pink-love-cotton-modal-waltz-knit-nightgown","image":"shopify:\/\/shop_images\/82_05_E5025074_149_031-lo.jpg","video":"","pretext":"","title":"PINK LOVE NIGHTGOWN","subtitle":"","pretext_color":"#000000","heading_color":"#ffffff","subheading_color":"#000000","text_alignment":"center","text_horizontal_position":"center","text_vertical_position":"middle","background_color":"#ffffff","background_opacity":0,"border_color":"#ffffff","border_width":0,"text_width":40,"button_1":"SHOP NOW","button_1_link":"shopify:\/\/products\/pink-love-cotton-modal-waltz-knit-nightgown","button_1_style":"button--secondary","button_2":"","button_2_link":"","button_2_style":"button--secondary","mobile_image_crop":"none","mobile_text_below_image":true,"pretext_color_mobile":"rgba(0,0,0,0)","heading_color_mobile":"#666666","subheading_color_mobile":"rgba(0,0,0,0)","btn_bg":"","btn_font":"","width":"half","padding_top":0,"padding_bottom":0,"padding_left":0,"padding_right":0,"animation":"none","css_class":"","custom_css":""}},"166063681010dc303c":{"type":"index__image-with-text-overlay","settings":{"link":"shopify:\/\/products\/spring-garden-cotton-lawn-chemise","image":"shopify:\/\/shop_images\/Artboard_23_copy_10-100B.jpg","video":"","pretext":"","title":"SPRING GARDEN CHEMISE","subtitle":"","pretext_color":"#000000","heading_color":"#ffffff","subheading_color":"#000000","text_alignment":"center","text_horizontal_position":"center","text_vertical_position":"middle","background_color":"#ffffff","background_opacity":0,"border_color":"#ffffff","border_width":0,"text_width":42,"button_1":"SHOP NOW","button_1_link":"shopify:\/\/products\/spring-garden-cotton-lawn-chemise","button_1_style":"button--secondary","button_2":"","button_2_link":"","button_2_style":"button--secondary","mobile_image_crop":"none","mobile_text_below_image":true,"pretext_color_mobile":"rgba(0,0,0,0)","heading_color_mobile":"#303030","subheading_color_mobile":"rgba(0,0,0,0)","btn_bg":"","btn_font":"","width":"half","padding_top":0,"padding_bottom":0,"padding_left":0,"padding_right":0,"animation":"none","css_class":"","custom_css":""}},"166063691287cafbe0":{"type":"index__rich-text","settings":{"title":"FRESH NEW FLORALS","heading_font":"optima_nova_n4","heading_color":"rgba(0,0,0,0)","heading_alignment":"center","heading_size":30,"text":"<p>Our floral prints are inspired by the natural beauty of the California landscape, overflowing with wildflowers, roses and lupines in a delicate palette of pinks, blues, butter yellow and berry. <\/p>","text_font":"optima_nova_n4","text_color":"rgba(0,0,0,0)","text_alignment":"center","text_size":16,"columns":1,"button_label":"","button_link":"","button_alignment":"center","button_style":"button--link-style","background":"#ffffff","gradient":"#ffffff","gradient_rotation":180,"width":"standard","padding_top":20,"padding_bottom":0,"padding_left":0,"padding_right":0,"animation":"none","css_class":"","custom_css":""}},"banner":{"type":"fallback_image_banner","disabled":true,"settings":{"image_darken":false,"width":"wide","banner_height":"small","padding_top":0,"padding_bottom":0,"css_class":"","custom_css":""}},"main":{"type":"collection__main","settings":{"position_of_promotion_card":24,"collection_handle":"all","collection_link_url":"","promotion_title":"Warehouse","collection_breadcrumb":true,"collection_tags":false,"collection_sort":true,"show_sidebar":false,"sidebar_position":"left","show_promo_banner":false,"image_darken":false,"promo_title":"Special sale on now!","promo_text":"<p>Description of promotion with lots of details.<\/p>","banner_height":"medium","align_height":false,"collection_height":200,"products_per_row":4,"mobile_products_per_row":"2","pagination_limit":50,"pagination_type":"load_more","width":"wide","padding_top":0,"padding_bottom":20,"css_class":"","custom_css":""}}},"order":["1660637104676a237b","b259e98f-c467-4047-816c-9db5aea38757","166063681010dc303c","166063691287cafbe0","banner","main"]}