{"sections":{"banner":{"type":"fallback_image_banner","disabled":true,"settings":{"image_darken":false,"width":"standard","banner_height":"small","padding_top":0,"padding_bottom":0,"css_class":"","custom_css":""}},"main":{"type":"collection__main","settings":{"position_of_promotion_card":24,"collection_handle":"all","collection_link_url":"","promotion_title":"Warehouse","collection_breadcrumb":true,"collection_tags":false,"collection_sort":true,"show_sidebar":false,"sidebar_position":"left","show_promo_banner":false,"image_darken":false,"promo_title":"Special sale on now!","promo_text":"<p>Description of promotion with lots of details.<\/p>","banner_height":"medium","align_height":false,"collection_height":200,"products_per_row":4,"mobile_products_per_row":"2","pagination_limit":50,"pagination_type":"load_more","width":"wide","padding_top":0,"padding_bottom":20,"css_class":"","custom_css":""}}},"order":["banner","main"]}