{"sections":{"16628559579f98941e":{"type":"index__slideshow-with-text","blocks":{"1662855957919f3634-0":{"type":"image","settings":{"image":"shopify:\/\/shop_images\/220616_EILEENWEST_BELAIR_L13_224-l2.jpg","mobile_image":"shopify:\/\/shop_images\/220616_EILEENWEST_BELAIR_L13_224-lo-m.jpg","video_url":"","small_image":"shopify:\/\/shop_images\/EILEENWEST_Backgrounds-03-1.jpg","pretext":"","title":"NEW ARRIVALS","text":"<p>Shop our latest looks!<\/p>","button_label":"SHOP NOW","button_link":"shopify:\/\/collections\/sc-eileen-west-new-arrivals"}}},"block_order":["1662855957919f3634-0"],"settings":{"background_color":"rgba(0,0,0,0)","text_color":"rgba(0,0,0,0)","text_alignment":"center","text_transition":"fadeIn","button_style":"button--link-style","show_nav_buttons":true,"image_position":"right","image_transition":"slide","image_slideshow_speed":0,"show_arrows":false,"width":"wide","show_gutter":false,"padding_top":20,"padding_bottom":10,"divided":"25-75","css_class":"","custom_css":""}},"16596208672d8d27b1":{"type":"inner-big-small-imge","disabled":true,"settings":{"bg_image":"shopify:\/\/shop_images\/EILEENWEST_Backgrounds-02-lo.jpg","mobile_bg_image":"shopify:\/\/shop_images\/EILEENWEST_Backgrounds-12.jpg","big_url":"shopify:\/\/collections\/all","big_img":"shopify:\/\/shop_images\/220616_EILEENWEST_BELAIR_L7_185-lo-3.jpg","text":"<br><br><br>Blue Rosalie","btn_txt":"Shop Now","btn_url":"#","button_1_style":"button--secondary","small_text":"A WALK In the Woods","price":"19","url":"shopify:\/\/products\/artists-garden-waltz-gown-plus-size","shop_url":"shopify:\/\/products\/dream-sweater-knit-long-pajama"}},"1606414244b2840bd0":{"type":"index__image-with-text-overlay","disabled":true,"settings":{"link":"shopify:\/\/collections\/sc-eileen-west-new-arrivals","image":"shopify:\/\/shop_images\/220616_EILEENWEST_BELAIR_L7_185-new2.webp","mobile_image":"shopify:\/\/shop_images\/220616_EILEENWEST_BELAIR_L7_185-Mob.jpg","video":"","pretext":"","title":"Fall in Love","subtitle":"","pretext_color":"#303030","heading_color":"#ffffff","subheading_color":"#303030","text_alignment":"left","text_horizontal_position":"left","text_vertical_position":"middle","background_color":"#ffffff","background_opacity":0,"border_color":"#ffffff","border_width":0,"text_width":60,"button_1":"Shop Now","button_1_link":"shopify:\/\/collections\/sc-eileen-west-new-arrivals","button_1_style":"button--secondary","button_2":"","button_2_link":"","button_2_style":"button--secondary","mobile_image_crop":"none","mobile_text_below_image":true,"pretext_color_mobile":"rgba(0,0,0,0)","heading_color_mobile":"#808080","subheading_color_mobile":"rgba(0,0,0,0)","btn_bg":"#070707","btn_font":"#eaeaea","width":"wide","padding_top":0,"padding_bottom":0,"padding_left":0,"padding_right":0,"animation":"fadeInRight","css_class":"home_banner_top","custom_css":""}},"16441825481232b51e":{"type":"index__divider","disabled":true,"settings":{"divider_style":"long","divider_width":0,"divider_color":"rgba(0,0,0,0)","alignment":"center","width":"standard","padding_top":0,"padding_bottom":0,"animation":"none","css_class":"","custom_css":""}},"166049430280e23dc9":{"type":"index__rich-text","settings":{"title":"NEW ARRIVALS","heading_font":"open_sans_n4","heading_color":"rgba(0,0,0,0)","heading_alignment":"center","heading_size":36,"text":"","text_font":"open_sans_n4","text_color":"rgba(0,0,0,0)","text_alignment":"left","text_size":14,"columns":2,"button_label":"SHOP THE COLLECTION","button_link":"shopify:\/\/collections\/sc-eileen-west-new-arrivals","button_alignment":"center","button_style":"button--link-style","background":"rgba(0,0,0,0)","gradient":"rgba(0,0,0,0)","gradient_rotation":180,"width":"wide","padding_top":10,"padding_bottom":0,"padding_left":0,"padding_right":0,"animation":"none","css_class":"","custom_css":""}},"160633223751047273":{"type":"index__featured-collection","settings":{"title":"","collection":"new-arrivals-home","products_per":4,"mobile_products_per_row":"2","products_limit":4,"align_height":false,"collection_height":200,"collection_style":"slider","big_item":"left","big_width":20,"width":"standard","show_gutter":true,"padding_top":20,"padding_bottom":0,"animation":"fadeIn","custom_css":"","video":"","url":"","text":"","css_class":""}},"16648893278e08a776":{"type":"index__image-with-text","blocks":{"16648893267a2cc30c-0":{"type":"image","settings":{"image":"shopify:\/\/shop_images\/74_05_E5025068_168_057-lo.jpg","image_crop":"none","image_link":"shopify:\/\/collections\/floral-favorites","title":"FRESH NEW FLORALS","button_link":"SHOP NOW","button_1_style":"button--link-style","font_color":"","font_size":24,"font_style":"center","regular__font":"open_sans_n4"}},"16648893267a2cc30c-1":{"type":"image","settings":{"image":"shopify:\/\/shop_images\/19_05_Q101977_680_035-lo.jpg","image_crop":"none","image_link":"shopify:\/\/collections\/queen-annes-lace-new","title":"QUEEN ANNE'S LACE","button_link":"SHOP NOW","button_1_style":"button--link-style","font_color":"","font_size":22,"font_style":"center","regular__font":"open_sans_n4"}}},"block_order":["16648893267a2cc30c-0","16648893267a2cc30c-1"],"settings":{"width":"standard","show_gutter":true,"padding_top":20,"padding_bottom":20,"animation":"none","css_class":"","custom_css":""}},"1659029419c7e17130":{"type":"index__slideshow-with-text","disabled":true,"blocks":{"1659029419dfd984f3-0":{"type":"image","settings":{"image":"shopify:\/\/shop_images\/220616_EILEENWEST_BELAIR_L11_167-lo_1000x_a8658a78-c26f-477d-bac5-32fb8fb069d4.webp","mobile_image":"shopify:\/\/shop_images\/220616_EILEENWEST_BELAIR_L11_167-mob.jpg","video_url":"","small_image":"shopify:\/\/shop_images\/Artboard_1_copy_9B3.jpg","pretext":"","title":"QUEEN<br> ANNE'S<br>LACE","text":"","button_label":"SHOP THE COLLECTION","button_link":"shopify:\/\/collections\/queen-annes-lace-new"}}},"block_order":["1659029419dfd984f3-0"],"settings":{"background_color":"#eeeeee","text_color":"#333333","text_alignment":"center","text_transition":"fadeIn","button_style":"button--link-style","show_nav_buttons":true,"image_position":"right","image_transition":"slide","image_slideshow_speed":8,"show_arrows":true,"width":"wide","show_gutter":false,"padding_top":20,"padding_bottom":20,"divided":"33-66","css_class":"","custom_css":""}},"1659032090c60e4907":{"type":"index__slideshow-with-text","blocks":{"165903209025629bc9-1":{"type":"image","settings":{"image":"shopify:\/\/shop_images\/E5225063_109-Spring-Garden-lo.jpg","mobile_image":"shopify:\/\/shop_images\/E5225063_109-Spring-Garden-lo-m.jpg","video_url":"","small_image":"shopify:\/\/shop_images\/Artboard_1_copy_9B1.jpg","pretext":"","title":"PAMELA'S CLOSET","text":"","button_label":"SHOP THE COLLECTION","button_link":"shopify:\/\/pages\/pamelas-closet"}}},"block_order":["165903209025629bc9-1"],"settings":{"background_color":"#eeeeee","text_color":"rgba(0,0,0,0)","text_alignment":"center","text_transition":"fadeIn","button_style":"button--link-style","show_nav_buttons":true,"image_position":"left","image_transition":"slide","image_slideshow_speed":8,"show_arrows":true,"width":"wide","show_gutter":false,"padding_top":20,"padding_bottom":20,"divided":"33-66","css_class":"","custom_css":""}},"1659033244f0e1924b":{"type":"index__slideshow-with-text","blocks":{"1659033244f448a680-0":{"type":"image","settings":{"image":"shopify:\/\/shop_images\/EileenWest_Feb22_Editorial_1567c-lo9-lo.jpg","mobile_image":"shopify:\/\/shop_images\/EileenWest_Feb22_Editorial_1567c-lo9-lo-m.jpg","video_url":"","small_image":"shopify:\/\/shop_images\/HomePAge_SweetRoses.webp","pretext":"","title":"WHITE COTTON CLASSICS","text":"","button_label":"SHOP THE COLLECTION","button_link":"https:\/\/www.eileenwest.com\/collections\/classics-collection?pf_opt_color=White"}}},"block_order":["1659033244f448a680-0"],"settings":{"background_color":"#eeeeee","text_color":"rgba(0,0,0,0)","text_alignment":"center","text_transition":"fadeIn","button_style":"button--link-style","show_nav_buttons":true,"image_position":"right","image_transition":"slide","image_slideshow_speed":8,"show_arrows":true,"width":"wide","show_gutter":false,"padding_top":20,"padding_bottom":10,"divided":"33-66","css_class":"","custom_css":""}},"1660142713c441e852":{"type":"index__rich-text","settings":{"title":"BESTSELLERS","heading_font":"open_sans_n4","heading_color":"rgba(0,0,0,0)","heading_alignment":"center","heading_size":36,"text":"","text_font":"open_sans_n4","text_color":"rgba(0,0,0,0)","text_alignment":"left","text_size":16,"columns":2,"button_label":"SHOP THE COLLECTION","button_link":"shopify:\/\/collections\/best-sellers","button_alignment":"center","button_style":"button--link-style","background":"rgba(0,0,0,0)","gradient":"rgba(0,0,0,0)","gradient_rotation":180,"width":"wide","padding_top":10,"padding_bottom":0,"padding_left":0,"padding_right":0,"animation":"none","css_class":"","custom_css":""}},"16063316637bf20e7f":{"type":"index__featured-collection","settings":{"title":"","collection":"bestsellers-home","products_per":4,"mobile_products_per_row":"2","products_limit":4,"align_height":false,"collection_height":200,"collection_style":"slider","big_item":"left","big_width":20,"width":"standard","show_gutter":true,"padding_top":20,"padding_bottom":0,"animation":"none","custom_css":"","video":"","url":"","text":"","css_class":""}},"166205519859802af1":{"type":"apps","blocks":{"10d7f30b-c979-4f17-acb6-002b642c12a6":{"type":"shopify:\/\/apps\/instafeed-instagram-feed\/blocks\/app-block\/c447db20-095d-4a10-9725-b5977662c9d5","settings":{"heading_size":20,"feed_width":100,"html_area":""}}},"block_order":["10d7f30b-c979-4f17-acb6-002b642c12a6"],"settings":{"width":"wide","padding_top":10,"padding_bottom":20,"css_class":"","custom_css":""}},"16620594648ce427d8":{"type":"index__logo-list","blocks":{"16620594648bf20f38-0":{"type":"logo_image","settings":{"image":"shopify:\/\/shop_images\/VOGUE_revista_-_logo_800x1000_51559ea8-8ec4-4547-83d5-d1323ab66c7f.webp","link":""}},"16620594648bf20f38-1":{"type":"logo_image","settings":{"image":"shopify:\/\/shop_images\/Harpers_Bazaar_logo_logotype_800x-1000.webp","link":""}},"16620594648bf20f38-3":{"type":"logo_image","settings":{"image":"shopify:\/\/shop_images\/brides_logo_800x1000_d80810ac-1d34-49a6-92c1-6ce383b734ad.webp","link":""}},"16620594648bf20f38-4":{"type":"logo_image","settings":{"image":"shopify:\/\/shop_images\/handmade-designer-jewelry-seen-in-the-zoe-report_600x_b15c5efc-c807-4baf-a21d-5153663f69cc.webp","link":""}},"16620594648bf20f38-2":{"type":"logo_image","disabled":true,"settings":{"image":"shopify:\/\/shop_images\/BsTGUNUr_400x400_a805fd1d-212c-45cc-9824-f240d8e588ab_400x-600.webp","link":""}},"e39e83ba-d39d-4360-85fe-6bee62d566ab":{"type":"logo_image","settings":{"image":"shopify:\/\/shop_images\/logo_B_C_2_800xbl.webp","link":""}}},"block_order":["16620594648bf20f38-0","16620594648bf20f38-1","16620594648bf20f38-3","16620594648bf20f38-4","16620594648bf20f38-2","e39e83ba-d39d-4360-85fe-6bee62d566ab"],"settings":{"logos_per_row":5,"logo_size":"medium","background":"rgba(0,0,0,0)","gradient":"rgba(0,0,0,0)","gradient_rotation":0,"width":"wide","padding_top":20,"padding_bottom":0,"padding_left":0,"padding_right":0,"animation":"fadeIn","css_class":"slider_logo","custom_css":""}}},"order":["16628559579f98941e","16596208672d8d27b1","1606414244b2840bd0","16441825481232b51e","166049430280e23dc9","160633223751047273","16648893278e08a776","1659029419c7e17130","1659032090c60e4907","1659033244f0e1924b","1660142713c441e852","16063316637bf20e7f","166205519859802af1","16620594648ce427d8"]}