{"sections":{"banner":{"type":"banner","disabled":true,"settings":{"image_darken":false,"subtitle":"","width":"wide","banner_height":"medium","padding_top":0,"padding_bottom":0,"css_class":"","custom_css":""}},"1648149367335c7bd0":{"type":"index__image-with-text-overlay","settings":{"link":"","video":"","pretext":"","title":"","subtitle":"","pretext_color":"#000000","heading_color":"#000000","subheading_color":"#000000","text_alignment":"center","text_horizontal_position":"center","text_vertical_position":"middle","background_color":"#ffffff","background_opacity":77,"border_color":"#ffffff","border_width":0,"text_width":40,"button_1":"","button_1_link":"","button_1_style":"button--secondary","button_2":"","button_2_link":"","button_2_style":"button--secondary","mobile_image_crop":"none","mobile_text_below_image":true,"pretext_color_mobile":"rgba(0,0,0,0)","heading_color_mobile":"rgba(0,0,0,0)","subheading_color_mobile":"rgba(0,0,0,0)","width":"wide","padding_top":0,"padding_bottom":0,"padding_left":0,"padding_right":0,"animation":"none","css_class":"","custom_css":""}},"main":{"type":"page-content__main","disabled":true,"settings":{"show_heading":false,"heading_alignment":"left","width":"standard","padding_top":40,"padding_bottom":40,"css_class":"","custom_css":""}},"16470249274961b22f":{"type":"index__rich-text","settings":{"title":"CANDY STRIPES","heading_font":"din_neuzeit_grotesk_n3","heading_color":"rgba(0,0,0,0)","heading_alignment":"center","heading_size":24,"text":"<p>Lorem ipsum dolor sit amet, consectetur adipiscing elit, sed do eiusmod tempor incididunt ut labore et dolore magna aliqua. Ut enim ad minim veniam, quis nostrud exercitation ullamco laboris nisi ut aliquip ex ea commodo consequat. <\/p><p>Duis aute irure dolor in reprehenderit in voluptate velit esse cillum dolore eu fugiat nulla pariatur. Excepteur sint occaecat cupidatat non proident, sunt in culpa qui officia deserunt mollit anim id est laborum.<\/p>","text_font":"din_neuzeit_grotesk_n3","text_color":"rgba(0,0,0,0)","text_alignment":"left","text_size":14,"columns":2,"button_label":"","button_link":"","button_alignment":"center","button_style":"button--primary","background":"rgba(0,0,0,0)","gradient":"rgba(0,0,0,0)","gradient_rotation":180,"width":"wide","padding_top":0,"padding_bottom":0,"padding_left":0,"padding_right":0,"animation":"none","css_class":"","custom_css":""}},"16449638557a4eca47":{"type":"index__featured-collection","settings":{"title":"","collection":"3d-stripe","products_per":4,"mobile_products_per_row":"1","products_limit":5,"align_height":false,"collection_height":200,"collection_style":"smart_grid","big_item":"right","width":"standard","show_gutter":true,"padding_top":20,"padding_bottom":40,"animation":"none","custom_css":"","video":"","url":"","text":"Lorem ipsum dolor sit amet, consectetur adipiscing","css_class":""}},"164496424449d5d4eb":{"type":"index__featured-product","blocks":{"16449642444783e870-0":{"type":"title","settings":{}},"16449642444783e870-1":{"type":"price","settings":{"display_savings":true}},"16449642444783e870-2":{"type":"description","settings":{"custom_description":""}},"16449642444783e870-3":{"type":"form","settings":{"show_payment_button":true}},"16449642444783e870-4":{"type":"share","settings":{}},"48b7759f-1a96-44c5-b172-65d5e20a0b13":{"type":"size-chart","settings":{"size_chart":""}}},"block_order":["16449642444783e870-0","16449642444783e870-1","16449642444783e870-2","16449642444783e870-3","16449642444783e870-4","48b7759f-1a96-44c5-b172-65d5e20a0b13"],"settings":{"featured_product":"hares-short-sleeve-classic-shorty-stretch-jersey-pj-set","product_images_position":"left","set_product_height":false,"product_height":500,"video_looping":false,"gallery_arrows":true,"enable_zoom":true,"enable_product_lightbox":true,"slideshow_speed":0,"slideshow_transition":"slide","display_thumbnails":true,"thumbnail_position":"right-thumbnails","enable_thumbnail_slider":true,"width":"standard","padding_top":50,"padding_bottom":0,"animation":"none","section_width":860,"css_class":"","custom_css":""}},"1647123674b8d5123b":{"type":"index__rich-text","settings":{"title":"PRETTY IN ALL SHADES OF BLUE","heading_font":"open_sans_n4","heading_color":"rgba(0,0,0,0)","heading_alignment":"center","heading_size":24,"text":"<p>Lorem ipsum dolor sit amet, consectetur adipiscing elit, sed do eiusmod tempor incididunt ut labore et dolore magna aliqua. Ut enim ad minim veniam, quis nostrud exercitation ullamco laboris nisi ut aliquip ex ea commodo consequat. <\/p><p>Duis aute irure dolor in reprehenderit in voluptate velit esse cillum dolore eu fugiat nulla pariatur. Excepteur sint occaecat cupidatat non proident, sunt in culpa qui officia deserunt mollit anim id est laborum.<\/p>","text_font":"din_neuzeit_grotesk_n3","text_color":"rgba(0,0,0,0)","text_alignment":"left","text_size":14,"columns":2,"button_label":"","button_link":"","button_alignment":"center","button_style":"button--primary","background":"#ffffff","gradient":"#ffffff","gradient_rotation":180,"width":"wide","padding_top":20,"padding_bottom":0,"padding_left":0,"padding_right":0,"animation":"none","css_class":"","custom_css":""}},"1644964252e2e64c87":{"type":"index__featured-collection","settings":{"title":"","collection":"new-lemon","products_per":4,"mobile_products_per_row":"1","products_limit":5,"align_height":false,"collection_height":200,"collection_style":"smart_grid","big_item":"right","width":"standard","show_gutter":true,"padding_top":0,"padding_bottom":0,"animation":"none","custom_css":"","video":"https:\/\/cdn.shopify.com\/s\/files\/1\/0554\/2019\/0807\/files\/vclassic_2022-02-04_161042.364.mov?v=1645777044","url":"shopify:\/\/products\/blues-2-long-sleeve-classic-stretch-jersey-pj-set","text":"When we use HTML5 video elements to build","css_class":""}},"1645981504b0857791":{"type":"index__featured-collection","settings":{"title":"WOMENS PAJAMAS","collection":"rec","products_per":4,"mobile_products_per_row":"1","products_limit":4,"align_height":false,"collection_height":200,"collection_style":"grid","big_item":"left","width":"wide","show_gutter":true,"padding_top":20,"padding_bottom":20,"animation":"none","custom_css":"","video":"","url":"","text":"","css_class":""}}},"order":["banner","1648149367335c7bd0","main","16470249274961b22f","16449638557a4eca47","164496424449d5d4eb","1647123674b8d5123b","1644964252e2e64c87","1645981504b0857791"]}