{"sections":{"banner":{"type":"banner","disabled":true,"settings":{"image_darken":false,"subtitle":"","width":"wide","banner_height":"medium","padding_top":0,"padding_bottom":0,"css_class":"","custom_css":""}},"164659897191d87634":{"type":"index__image-with-text-overlay","settings":{"link":"shopify:\/\/products\/lovely-floral-swiss-dot-ballet-nightgown","image":"shopify:\/\/shop_images\/E5225068_168-swiss-dot-lo.jpg","video":"","pretext":"","title":"","subtitle":"","pretext_color":"#000000","heading_color":"#000000","subheading_color":"#000000","text_alignment":"center","text_horizontal_position":"center","text_vertical_position":"bottom","background_color":"#ffffff","background_opacity":0,"border_color":"#ffffff","border_width":0,"text_width":40,"button_1":"","button_1_link":"","button_1_style":"button--secondary","button_2":"","button_2_link":"","button_2_style":"button--secondary","mobile_image_crop":"none","mobile_text_below_image":true,"pretext_color_mobile":"rgba(0,0,0,0)","heading_color_mobile":"rgba(0,0,0,0)","subheading_color_mobile":"rgba(0,0,0,0)","btn_bg":"","btn_font":"","width":"half","padding_top":0,"padding_bottom":0,"padding_left":0,"padding_right":0,"animation":"none","css_class":"","custom_css":""}},"1646599254b3189e38":{"type":"index__image-with-text-overlay","settings":{"link":"shopify:\/\/products\/heirloom-dream-ballet-gown","image":"shopify:\/\/shop_images\/Artboard_23_copy_8-80D.jpg","video":"","pretext":"","title":"","subtitle":"","pretext_color":"#000000","heading_color":"#000000","subheading_color":"#000000","text_alignment":"center","text_horizontal_position":"center","text_vertical_position":"bottom","background_color":"#d5ccba","background_opacity":0,"border_color":"#ffffff","border_width":0,"text_width":40,"button_1":"","button_1_link":"","button_1_style":"button--secondary","button_2":"","button_2_link":"","button_2_style":"button--secondary","mobile_image_crop":"none","mobile_text_below_image":true,"pretext_color_mobile":"rgba(0,0,0,0)","heading_color_mobile":"rgba(0,0,0,0)","subheading_color_mobile":"rgba(0,0,0,0)","btn_bg":"","btn_font":"","width":"half","padding_top":0,"padding_bottom":0,"padding_left":0,"padding_right":0,"animation":"none","css_class":"","custom_css":""}},"1646597951893730d9":{"type":"index__rich-text","settings":{"title":"PAMELA'S CLOSET: SLEEPWEAR ESSENTIALS","heading_font":"sans-serif","heading_color":"rgba(0,0,0,0)","heading_alignment":"center","heading_size":30,"text":"<p>Introducing Pamela's Closet, a new series of monthly collections curated by DJ and creator Pamela Tick.<\/p>","text_font":"serif","text_color":"rgba(0,0,0,0)","text_alignment":"center","text_size":14,"columns":1,"button_label":"","button_link":"","button_alignment":"center","button_style":"button--link-style","background":"#ffffff","gradient":"#ffffff","gradient_rotation":180,"width":"standard","padding_top":20,"padding_bottom":0,"padding_left":0,"padding_right":0,"animation":"fadeInDown","css_class":"","custom_css":""}},"c65bf45e-4239-4fa0-9fd6-db6689715d80":{"type":"index__featured-collection","blocks":{"d78b5287-7cfa-46c6-8992-6054f13f24f0":{"type":"product","settings":{"product":"poetic-ballet-gown-blue","image":"shopify:\/\/shop_images\/E5219842_450-lo.jpg"}},"33d5bdad-3e8a-4545-b4de-82370e9b8dee":{"type":"product","settings":{"product":"lace-daydream-tencel-ballet-nightgown","image":"shopify:\/\/shop_images\/E5225073_001-lo.jpg"}},"50e0c999-a5e1-4951-80ef-633aa00b89cf":{"type":"product","settings":{"product":"lace-daydream-cotton-ruffle-chemise","image":"shopify:\/\/shop_images\/E5425034_100_ruffle_chemise-lo.jpg"}},"df12d35d-29f7-4f40-bb14-3beafac82e68":{"type":"product","settings":{"product":"lily-of-the-valley-cotton-lawn-ballet-nightgown","image":"shopify:\/\/shop_images\/E5225063_419-lo.jpg"}}},"block_order":["d78b5287-7cfa-46c6-8992-6054f13f24f0","33d5bdad-3e8a-4545-b4de-82370e9b8dee","50e0c999-a5e1-4951-80ef-633aa00b89cf","df12d35d-29f7-4f40-bb14-3beafac82e68"],"settings":{"title":"","collection":"pamelas-closet","products_per":4,"mobile_products_per_row":"1","products_limit":10,"align_height":false,"collection_height":200,"collection_style":"grid","big_item":"left","big_width":20,"width":"wide","show_gutter":true,"padding_top":20,"padding_bottom":20,"animation":"none","custom_css":"","video":"","url":"","text":"","css_class":""}},"188a1cc9-f44e-4e1f-9909-52364f6b72df":{"type":"index__featured-collection","blocks":{"f7f308a7-5d04-4ff7-be09-dc02d500eacb":{"type":"product","settings":{"product":"heirloom-dream-ballet-gown","image":"shopify:\/\/shop_images\/Q124023_Q124024_680_pink-lo.jpg"}},"955ccea4-1774-485a-991d-42f3504a5c8b":{"type":"product","settings":{"product":"lovely-floral-swiss-dot-ballet-nightgown","image":"shopify:\/\/shop_images\/E5225068_168_swiss_dot-lo.jpg"}},"f93dae47-b656-491c-a506-15349409cfc3":{"type":"product","settings":{"product":"night-blooms-cotton-modal-ballet-nightgown","image":"shopify:\/\/shop_images\/E5225074_006-lo.jpg"}},"36c58280-d1ae-423f-bade-a633a87c45ec":{"type":"product","settings":{"product":"spring-garden-cotton-lawn-ballet-nightgown","image":"shopify:\/\/shop_images\/E5225063_109_Spring_Garden-lo.jpg"}}},"block_order":["f7f308a7-5d04-4ff7-be09-dc02d500eacb","955ccea4-1774-485a-991d-42f3504a5c8b","f93dae47-b656-491c-a506-15349409cfc3","36c58280-d1ae-423f-bade-a633a87c45ec"],"settings":{"title":"","collection":"pamelas-closet","products_per":4,"mobile_products_per_row":"1","products_limit":4,"align_height":false,"collection_height":200,"collection_style":"grid","big_item":"left","big_width":20,"width":"wide","show_gutter":true,"padding_top":20,"padding_bottom":20,"animation":"none","custom_css":"","video":"","url":"","text":"","css_class":""}},"1658010930273c9914":{"type":"index__gallery","blocks":{"1658010930965c4365-1":{"type":"image","settings":{"image":"shopify:\/\/shop_images\/E5219842_450-banner-lo.jpg","link":"shopify:\/\/products\/poetic-ballet-gown-blue","text":"","font_color":"","font_size":10,"font_style":"left","regular__font":"open_sans_n4"}},"1658010930965c4365-2":{"type":"image","settings":{"image":"shopify:\/\/shop_images\/E5225063_109_Spring_Garden-lo_e057f6c1-e42b-4f1e-85ec-8ce593cb807f.jpg","link":"shopify:\/\/products\/spring-garden-cotton-lawn-ballet-nightgown","text":"","font_color":"","font_size":10,"font_style":"left","regular__font":"open_sans_n4"}}},"block_order":["1658010930965c4365-1","1658010930965c4365-2"],"settings":{"gallery_type":"classic","crop_images":false,"images_per_row":2,"enable_lightbox":false,"overlay_color":"rgba(0,0,0,0)","link_color":"rgba(0,0,0,0)","width":"standard","show_gutter":true,"padding_top":20,"padding_bottom":20,"animation":"none","mobile_border":false,"css_class":"","custom_css":""}},"69362848-61bd-4b1d-a951-e13fc1b7779b":{"type":"index__slideshow-classic","disabled":true,"blocks":{"template--15447036559499__69362848-61bd-4b1d-a951-e13fc1b7779b-16661166541aba8e73-0":{"type":"image","settings":{"link":"","image":"shopify:\/\/shop_images\/EILEENWEST_Backgrounds-16.jpg","pretext":"<p>Lorem ipsum dolor sit amet. Sit maxime tempora et laudantium quas vel mollitia voluptas est iusto maxime. Quo iusto error et repellendus eius in maxime blanditiis et deserunt omnis eum itaque rerum sit dolorem enim. In labore consequatur obcaecati galisum eos quae dolorum<\/p>","title":"","subtitle":"","pretext_color":"#2d2d2d","heading_color":"#000000","subheading_color":"#000000","text_alignment":"center","text_horizontal_position":"center","background_color":"#ffffff","background_opacity":0,"border_color":"#ffffff","border_width":0,"text_width":61,"button_1":"","button_1_link":"","button_1_style":"button--secondary","button_2":"","button_2_link":"","button_2_style":"button--secondary","mobile_image_crop":"none","pretext_color_mobile":"rgba(0,0,0,0)","heading_color_mobile":"rgba(0,0,0,0)","subheading_color_mobile":"rgba(0,0,0,0)"}},"template--15447036559499__69362848-61bd-4b1d-a951-e13fc1b7779b-16661166541aba8e73-1":{"type":"image","settings":{"link":"","image":"shopify:\/\/shop_images\/9_027film-lo.jpg","mobile_image":"shopify:\/\/shop_images\/9_027film-lo-m.jpg","pretext":"","title":"","subtitle":"","pretext_color":"#000000","heading_color":"#000000","subheading_color":"#000000","text_alignment":"center","text_horizontal_position":"center","background_color":"#ffffff","background_opacity":77,"border_color":"#ffffff","border_width":0,"text_width":40,"button_1":"","button_1_link":"","button_1_style":"button--secondary","button_2":"","button_2_link":"","button_2_style":"button--secondary","mobile_image_crop":"none","pretext_color_mobile":"rgba(0,0,0,0)","heading_color_mobile":"rgba(0,0,0,0)","subheading_color_mobile":"rgba(0,0,0,0)"}}},"block_order":["template--15447036559499__69362848-61bd-4b1d-a951-e13fc1b7779b-16661166541aba8e73-0","template--15447036559499__69362848-61bd-4b1d-a951-e13fc1b7779b-16661166541aba8e73-1"],"settings":{"image_transition":"slide","image_slideshow_speed":2,"show_arrows":true,"show_nav_buttons":true,"mobile_text_below_image":true,"width":"wide","padding_top":0,"padding_bottom":20,"animation":"none","css_class":"","custom_css":""}},"3bca1803-50e6-43ea-b91e-039d3a01f27e":{"type":"index__slideshow-with-text","blocks":{"template--15447036559499__3bca1803-50e6-43ea-b91e-039d3a01f27e-16661178304e57f649-0":{"type":"image","settings":{"image":"shopify:\/\/shop_images\/E5225063_109-Spring-Garden-lo.jpg","mobile_image":"shopify:\/\/shop_images\/E5225063_109-Spring-Garden-lo-m.jpg","video_url":"","small_image":"shopify:\/\/shop_images\/Artboard_1_copy_9B1.webp","pretext":"","title":"ABOUT PAMELA TICK","text":"<p>DJ and Creative, Pamela Tick exemplifies the meaning of multi hyphenate. She gained attention through her curated Instagram content and soon picked up DJing through her connections and crafted her skills.  <\/p><p> <\/p><p>She instantly fell in love with the ability to combine her love of music with her timeless style and has been featured in GOOP, Grazia and Vogue, among others.<\/p>","button_label":"","button_link":"shopify:\/\/products\/seabright-floral-short-cotton-knit-nightgown"}}},"block_order":["template--15447036559499__3bca1803-50e6-43ea-b91e-039d3a01f27e-16661178304e57f649-0"],"settings":{"background_color":"#eeeeee","text_color":"rgba(0,0,0,0)","text_alignment":"center","text_transition":"fadeIn","button_style":"button--primary","show_nav_buttons":true,"image_position":"left","image_transition":"slide","image_slideshow_speed":8,"show_arrows":true,"width":"wide","show_gutter":false,"padding_top":20,"padding_bottom":20,"divided":"33-66","css_class":"","custom_css":""}},"53b918f4-340c-4742-bb00-1778c14b11cf":{"type":"index__slideshow-with-text","blocks":{"template--15447036559499__53b918f4-340c-4742-bb00-1778c14b11cf-1666118386bfb9f953-0":{"type":"image","settings":{"image":"shopify:\/\/shop_images\/E5225073_001-lo_2425387a-5ffa-412d-ba89-561744f2a192.jpg","mobile_image":"shopify:\/\/shop_images\/E5425034_100-ruffle-chemise-lo.jpg","video_url":"","small_image":"shopify:\/\/shop_images\/HomePAge_SweetRoses_88a438ba-72b5-4949-861e-49650259c093.webp","pretext":"<p>\"Growing up, I remember my mom having a bunch of Eileen West designs in her closet. She always cared about what she wore to sleep. I found them to be so feminine, so free and timeless for sleepwear.\"<\/p>","title":"","text":"","button_label":"","button_link":"shopify:\/\/products\/lace-daydream-cotton-ruffle-chemise"}}},"block_order":["template--15447036559499__53b918f4-340c-4742-bb00-1778c14b11cf-1666118386bfb9f953-0"],"settings":{"background_color":"#eeeeee","text_color":"rgba(0,0,0,0)","text_alignment":"center","text_transition":"fadeIn","button_style":"button--primary","show_nav_buttons":true,"image_position":"right","image_transition":"slide","image_slideshow_speed":8,"show_arrows":true,"width":"wide","show_gutter":false,"padding_top":20,"padding_bottom":20,"divided":"33-66","css_class":"","custom_css":""}},"main":{"type":"page-content__main","disabled":true,"settings":{"show_heading":false,"heading_alignment":"left","width":"wide","padding_top":40,"padding_bottom":40,"css_class":"","custom_css":""}}},"order":["banner","164659897191d87634","1646599254b3189e38","1646597951893730d9","c65bf45e-4239-4fa0-9fd6-db6689715d80","188a1cc9-f44e-4e1f-9909-52364f6b72df","1658010930273c9914","69362848-61bd-4b1d-a951-e13fc1b7779b","3bca1803-50e6-43ea-b91e-039d3a01f27e","53b918f4-340c-4742-bb00-1778c14b11cf","main"]}