{"sections":{"banner":{"type":"banner","disabled":true,"settings":{"image_darken":false,"subtitle":"","width":"wide","banner_height":"medium","padding_top":0,"padding_bottom":0,"css_class":"","custom_css":""}},"1648149367335c7bd0":{"type":"index__image-with-text-overlay","settings":{"link":"shopify:\/\/products\/blue-stripe-turkish-terry-robe","image":"shopify:\/\/shop_images\/Screenshot_2022-06-21_at_7.23.35_PM_64e07dae-19dc-4507-836f-264928162771.png","video":"https:\/\/cdn.shopify.com\/s\/files\/1\/0554\/2019\/0807\/files\/Robe_Header_Website_04_-_1800_x_800.mp4?v=1649197805","pretext":"","title":"","subtitle":"","pretext_color":"#000000","heading_color":"#000000","subheading_color":"#000000","text_alignment":"center","text_horizontal_position":"center","text_vertical_position":"middle","background_color":"#ffffff","background_opacity":77,"border_color":"#ffffff","border_width":0,"text_width":40,"button_1":"","button_1_link":"","button_1_style":"button--secondary","button_2":"","button_2_link":"","button_2_style":"button--secondary","mobile_image_crop":"none","mobile_text_below_image":true,"pretext_color_mobile":"rgba(0,0,0,0)","heading_color_mobile":"rgba(0,0,0,0)","subheading_color_mobile":"rgba(0,0,0,0)","width":"wide","padding_top":0,"padding_bottom":0,"padding_left":0,"padding_right":0,"animation":"none","css_class":"","custom_css":""}},"main":{"type":"page-content__main","disabled":true,"settings":{"show_heading":false,"heading_alignment":"left","width":"standard","padding_top":40,"padding_bottom":40,"css_class":"","custom_css":""}},"16470249274961b22f":{"type":"index__rich-text","settings":{"title":"BIG STRIPE ENERGY","heading_font":"din_neuzeit_grotesk_n3","heading_color":"rgba(0,0,0,0)","heading_alignment":"center","heading_size":24,"text":"<p>Wrap yourself in our plush terry cloth robe in absorbent cotton inspired by the stripes of luxury beach club umbrellas.  Plus, the classic pattern pairs well with any of our over 50 prints. <\/p>","text_font":"din_neuzeit_grotesk_n3","text_color":"rgba(0,0,0,0)","text_alignment":"center","text_size":14,"columns":1,"button_label":"SHOP THE FULL ROBE COLLECTION","button_link":"shopify:\/\/collections\/robes","button_alignment":"center","button_style":"button--primary","background":"rgba(0,0,0,0)","gradient":"rgba(0,0,0,0)","gradient_rotation":180,"width":"wide","padding_top":0,"padding_bottom":0,"padding_left":0,"padding_right":0,"animation":"none","css_class":"","custom_css":""}},"16449638557a4eca47":{"type":"index__featured-collection","blocks":{"7ff83593-d154-411d-97f9-612f0255a7ed":{"type":"product","settings":{"product":"blue-stripe-turkish-terry-robe","image":"shopify:\/\/shop_images\/Film-15_-12.jpg"}},"f7af73ef-6711-43ae-8303-8e8407deb9d9":{"type":"product","settings":{"product":"blue-stripe-turkish-terry-robe","image":"shopify:\/\/shop_images\/85_BH3523803_4993B_TURKISH-TERRY-ROBE_0029.jpg"}},"b0ee070f-bfc3-4700-8814-a0652a614690":{"type":"product","settings":{"product":"blue-stripe-turkish-terry-robe","image":"shopify:\/\/shop_images\/85_BH3523803_4993B_TURKISH-TERRY-ROBE_0088.jpg"}},"94109c6b-470e-48d4-9d46-59e2331190be":{"type":"product","settings":{"product":"blue-stripe-turkish-terry-robe","image":"shopify:\/\/shop_images\/85_BH3523803_4993B_TURKISH-TERRY-ROBE_0146.jpg"}}},"block_order":["7ff83593-d154-411d-97f9-612f0255a7ed","f7af73ef-6711-43ae-8303-8e8407deb9d9","b0ee070f-bfc3-4700-8814-a0652a614690","94109c6b-470e-48d4-9d46-59e2331190be"],"settings":{"title":"","collection":"mens-pajamas","products_per":4,"mobile_products_per_row":"1","products_limit":5,"align_height":false,"collection_height":200,"collection_style":"smart_grid","big_item":"right","big_width":20,"width":"standard","show_gutter":true,"padding_top":20,"padding_bottom":40,"animation":"none","custom_css":"","image":"shopify:\/\/shop_images\/mens-robe-bedhead-pajamas.jpg","video":"","url":"","text":"","css_class":""}},"164496424449d5d4eb":{"type":"index__featured-product","blocks":{"16449642444783e870-0":{"type":"title","settings":{}},"16449642444783e870-1":{"type":"price","settings":{"display_savings":true}},"16449642444783e870-2":{"type":"description","disabled":true,"settings":{"custom_description":""}},"16449642444783e870-3":{"type":"form","settings":{"show_payment_button":true}},"16449642444783e870-4":{"type":"share","disabled":true,"settings":{}},"48b7759f-1a96-44c5-b172-65d5e20a0b13":{"type":"size-chart","settings":{"size_chart":""}}},"block_order":["16449642444783e870-0","16449642444783e870-1","16449642444783e870-2","16449642444783e870-3","16449642444783e870-4","48b7759f-1a96-44c5-b172-65d5e20a0b13"],"settings":{"featured_product":"make-lemonade-shawl-collar-cotton-sateen-robe","product_images_position":"left","set_product_height":false,"product_height":500,"video_looping":false,"gallery_arrows":true,"enable_zoom":true,"enable_product_lightbox":true,"slideshow_speed":0,"slideshow_transition":"slide","display_thumbnails":true,"thumbnail_position":"right-thumbnails","enable_thumbnail_slider":true,"width":"standard","padding_top":50,"padding_bottom":0,"animation":"none","section_width":1590,"css_class":"","custom_css":""}},"1647123674b8d5123b":{"type":"index__rich-text","settings":{"title":"FINISHING TOUCHES","heading_font":"din_neuzeit_grotesk_n3","heading_color":"rgba(0,0,0,0)","heading_alignment":"center","heading_size":24,"text":"<p>Throw on our robe with shawl collar and cuff detail to look instantly put together—even if it’s just to answer the door for your food delivery.<\/p>","text_font":"din_neuzeit_grotesk_n3","text_color":"rgba(0,0,0,0)","text_alignment":"center","text_size":14,"columns":1,"button_label":"SHOP ALL","button_link":"shopify:\/\/collections\/robes","button_alignment":"center","button_style":"button--primary","background":"#ffffff","gradient":"#ffffff","gradient_rotation":180,"width":"wide","padding_top":20,"padding_bottom":0,"padding_left":0,"padding_right":0,"animation":"none","css_class":"","custom_css":""}},"1644964252e2e64c87":{"type":"index__featured-collection","blocks":{"7cc6b0bf-aa15-495c-a415-c63f61b1073a":{"type":"product","settings":{"product":"white-3d-stripe-turkish-french-terry-robe","image":"shopify:\/\/shop_images\/15_BH3221300_996B_WHITE-3D-STRIPE_0162.jpg"}},"d5808480-0bd4-4802-a0f4-eb8327d9a6af":{"type":"product","settings":{"product":"white-3d-stripe-turkish-french-terry-robe","image":"shopify:\/\/shop_images\/15_BH3221300_996B_WHITE-3D-STRIPE_0038.jpg"}},"1c0e8c8d-e8e5-4a27-a8a9-04a9c7d15fa4":{"type":"product","settings":{"product":"pink-3d-stripe-turkish-french-terry-robe","image":"shopify:\/\/shop_images\/5_BH3221300_043B_PINK-3D-STRIPE_0007-2-1.jpg"}},"c80c8819-78e5-49ea-b8da-97a78441f0ac":{"type":"product","settings":{"product":"pink-3d-stripe-turkish-french-terry-robe","image":"shopify:\/\/shop_images\/5_BH3221300_043B_PINK-3D-STRIPE_0022-2-1.jpg"}}},"block_order":["7cc6b0bf-aa15-495c-a415-c63f61b1073a","d5808480-0bd4-4802-a0f4-eb8327d9a6af","1c0e8c8d-e8e5-4a27-a8a9-04a9c7d15fa4","c80c8819-78e5-49ea-b8da-97a78441f0ac"],"settings":{"title":"","collection":"women","products_per":4,"mobile_products_per_row":"1","products_limit":5,"align_height":false,"collection_height":200,"collection_style":"smart_grid","big_item":"left","big_width":20,"width":"standard","show_gutter":true,"padding_top":0,"padding_bottom":0,"animation":"none","custom_css":"","image":"shopify:\/\/shop_images\/bedhead-pajamas-womens-robes.jpg","video":"","url":"shopify:\/\/products\/blue-3d-stripe-turkish-french-terry-robe","text":"","css_class":""}},"1645981504b0857791":{"type":"index__featured-collection","blocks":{"e7133366-578a-4a4e-8d5c-a281b6fb4227":{"type":"product","settings":{"product":"navy-shadow-blossom-french-terry-lined-robe","image":"shopify:\/\/shop_images\/75_BH3221295_4316B_NAVY-SHADOW-BLOSSOM_0070.jpg"}},"9c87ed8f-aa31-4ebe-9a6d-262b1f6007cb":{"type":"product","settings":{"product":"courtyard-blooms-woven-cotton-robe","image":"shopify:\/\/shop_images\/BH7723807_4484.jpg"}},"7e691ec3-14ae-480e-85f1-380310c2cd4a":{"type":"product","settings":{"product":"make-lemonade-shawl-collar-cotton-sateen-robe","image":"shopify:\/\/shop_images\/BH7723791_6400B_MAKE_LEMONADE_6346.jpg"}},"e1a8d080-5290-4713-94b6-9c23e62a9036":{"type":"product","settings":{"product":"dahila-shadows-shawl-collar-cotton-sateen-robe","image":"shopify:\/\/shop_images\/BH7723791_6401B_DAHLIA_SHADOWS_3046.jpg"}}},"block_order":["e7133366-578a-4a4e-8d5c-a281b6fb4227","9c87ed8f-aa31-4ebe-9a6d-262b1f6007cb","7e691ec3-14ae-480e-85f1-380310c2cd4a","e1a8d080-5290-4713-94b6-9c23e62a9036"],"settings":{"title":"SOME OF OUR LATEST STYLES","collection":"women","products_per":4,"mobile_products_per_row":"1","products_limit":4,"align_height":false,"collection_height":200,"collection_style":"grid","big_item":"left","big_width":20,"width":"wide","show_gutter":true,"padding_top":20,"padding_bottom":20,"animation":"none","custom_css":"","video":"","url":"","text":"","css_class":""}}},"order":["banner","1648149367335c7bd0","main","16470249274961b22f","16449638557a4eca47","164496424449d5d4eb","1647123674b8d5123b","1644964252e2e64c87","1645981504b0857791"]}