{"sections":{"main":{"type":"page-content__main","settings":{"show_heading":true,"heading_alignment":"left","width":"standard","padding_top":40,"padding_bottom":40,"css_class":"","custom_css":""}},"1648446500d21e6f9a":{"type":"index__contact-form","blocks":{"1648446500099bbeb9-0":{"type":"textfield","settings":{"label":"Store Name","required":true}},"4f6973d2-8c84-46ec-8ff7-9b6658a8dff0":{"type":"textfield","settings":{"label":"Contact Name","required":false}},"1648446500099bbeb9-1":{"type":"email","settings":{"label":"Email"}},"7af48d4b-0f60-4644-98d0-45f1b90c18aa":{"type":"textfield","settings":{"label":"Phone","required":false}},"1648446500099bbeb9-2":{"type":"textarea","settings":{"label":"Address","required":false}},"42fe9d45-af7c-480e-b966-268327593906":{"type":"textfield","settings":{"label":"City","required":false}},"70f5d1e9-c55b-4c9d-9707-c006e70ef1d0":{"type":"textfield","settings":{"label":"Zipcode","required":false}}},"block_order":["1648446500099bbeb9-0","4f6973d2-8c84-46ec-8ff7-9b6658a8dff0","1648446500099bbeb9-1","7af48d4b-0f60-4644-98d0-45f1b90c18aa","1648446500099bbeb9-2","42fe9d45-af7c-480e-b966-268327593906","70f5d1e9-c55b-4c9d-9707-c006e70ef1d0"],"settings":{"title":"","content_text":"","social_enable":false,"text_alignment":"center","background":"#707070","text_color":"#ffffff","form_position":"right","width":"standard","padding_top":40,"padding_bottom":40,"animation":"none","css_class":"","custom_css":""}}},"order":["main","1648446500d21e6f9a"]}