{"sections":{"banner":{"type":"banner","disabled":true,"settings":{"image_darken":false,"subtitle":"","width":"wide","banner_height":"medium","padding_top":0,"padding_bottom":0,"css_class":"","custom_css":""}},"1646599254b3189e38":{"type":"index__image-with-text-overlay","settings":{"link":"","image":"shopify:\/\/shop_images\/look02.jpg","video":"https:\/\/cdn.shopify.com\/videos\/c\/o\/v\/953212c5969441d2931541bd67c77cf3.mp4","pretext":"","title":"","subtitle":"","pretext_color":"#000000","heading_color":"#000000","subheading_color":"#000000","text_alignment":"center","text_horizontal_position":"center","text_vertical_position":"bottom","background_color":"#d5ccba","background_opacity":0,"border_color":"#ffffff","border_width":0,"text_width":40,"button_1":"","button_1_link":"","button_1_style":"button--secondary","button_2":"","button_2_link":"","button_2_style":"button--secondary","mobile_image_crop":"none","mobile_text_below_image":true,"pretext_color_mobile":"rgba(0,0,0,0)","heading_color_mobile":"rgba(0,0,0,0)","subheading_color_mobile":"rgba(0,0,0,0)","btn_bg":"#8ca8b4","btn_font":"#ffffff","width":"half","padding_top":0,"padding_bottom":0,"padding_left":0,"padding_right":0,"animation":"none","css_class":"","custom_css":""}},"16645646438051e3d5":{"type":"index__image-with-text-overlay","settings":{"link":"shopify:\/\/products\/holly-berry-plaid-notch-collar-pajama","image":"shopify:\/\/shop_images\/EILEENWEST_LookBook_Image1250-04-2-4.webp","video":"","pretext":"","title":"HOLLY BERRY PAJAMAS","subtitle":"","pretext_color":"#303030","heading_color":"#ffffff","subheading_color":"#303030","text_alignment":"center","text_horizontal_position":"center","text_vertical_position":"middle","background_color":"rgba(0,0,0,0)","background_opacity":0,"border_color":"#ffffff","border_width":0,"text_width":40,"button_1":"SHOP NOW","button_1_link":"shopify:\/\/products\/holly-berry-plaid-notch-collar-pajama","button_1_style":"button--primary","button_2":"","button_2_link":"","button_2_style":"button--secondary","mobile_image_crop":"none","mobile_text_below_image":true,"pretext_color_mobile":"rgba(0,0,0,0)","heading_color_mobile":"rgba(0,0,0,0)","subheading_color_mobile":"rgba(0,0,0,0)","btn_bg":"","btn_font":"","width":"half","padding_top":0,"padding_bottom":0,"padding_left":0,"padding_right":0,"animation":"none","css_class":"","custom_css":""}},"16591690242db26f7c":{"type":"inner-big-small-imge","disabled":true,"settings":{"bg_image":"shopify:\/\/shop_images\/Artboard_23_copy_3-100.webp","big_url":"","big_img":"shopify:\/\/shop_images\/220616_EILEENWEST_BELAIR_L14_065-lo-look3.jpg","text":"<br>Summer ROSE","btn_txt":"SHOP NOW","btn_url":"https:\/\/www.google.com","button_1_style":"button--secondary","small_text":"Lace Chemise","price":"100","url":"shopify:\/\/products\/the-julia-cotton-nightgown","product_img":"shopify:\/\/shop_images\/220616_EILEENWEST_BELAIR_L1_367-look4_6b11d03e-0320-41e4-b383-fe62c9e32e38.jpg","shop_url":"shopify:\/\/pages\/look-book"}},"1646597951893730d9":{"type":"index__rich-text","settings":{"title":"HOLLY, BERRIES & PLAID","heading_font":"sans-serif","heading_color":"rgba(0,0,0,0)","heading_alignment":"center","heading_size":30,"text":"<p>Celebrate the season with our timeless designs in berry tones and plaids.  Enjoy these feminine styles created with the finest fabrics and craftmanship to ensure luxurious comfort.<\/p>","text_font":"optima_nova_n4","text_color":"rgba(0,0,0,0)","text_alignment":"center","text_size":14,"columns":1,"button_label":"SHOP THE COLLECTION","button_link":"shopify:\/\/collections\/flannels","button_alignment":"center","button_style":"button--link-style","background":"#ffffff","gradient":"#ffffff","gradient_rotation":180,"width":"standard","padding_top":20,"padding_bottom":0,"padding_left":0,"padding_right":0,"animation":"fadeInDown","css_class":"","custom_css":""}},"164856478623cdc9d5":{"type":"index__gallery","blocks":{"1648564786a7b1e577-0":{"type":"image","settings":{"image":"shopify:\/\/shop_images\/EileenWest_Feb22_Editorial_1255-lo2.jpg","link":"shopify:\/\/products\/berry-jubilee-eileen-cotton-nightgown","text":"","font_color":"#303030","font_size":27,"font_style":"left","regular__font":"open_sans_n4"}},"1648564786a7b1e577-1":{"type":"image","settings":{"image":"shopify:\/\/shop_images\/EileenWest_Feb22_Editorial_1242-lo2.jpg","link":"shopify:\/\/products\/holly-berry-scroll-eileen-cotton-nightgown","text":"","font_color":"#4f6b7f","font_size":21,"font_style":"right","regular__font":"open_sans_n4"}}},"block_order":["1648564786a7b1e577-0","1648564786a7b1e577-1"],"settings":{"gallery_type":"classic","crop_images":false,"images_per_row":2,"enable_lightbox":false,"overlay_color":"rgba(0,0,0,0)","link_color":"rgba(0,0,0,0)","width":"standard","show_gutter":true,"padding_top":20,"padding_bottom":20,"animation":"none","mobile_border":false,"css_class":"remove_overlaly","custom_css":""}},"16465987257615f002":{"type":"index__image-with-text-overlay","settings":{"link":"shopify:\/\/products\/grey-ribbon-floral-eileen-cotton-nightgown","image":"shopify:\/\/shop_images\/Look-Book2.jpg","mobile_image":"shopify:\/\/shop_images\/Look-Book2-mob.jpg","video":"","pretext":"","title":"","subtitle":"","pretext_color":"#000000","heading_color":"#000000","subheading_color":"#000000","text_alignment":"center","text_horizontal_position":"center","text_vertical_position":"middle","background_color":"#ffffff","background_opacity":0,"border_color":"#ffffff","border_width":0,"text_width":40,"button_1":"","button_1_link":"","button_1_style":"button--secondary","button_2":"","button_2_link":"","button_2_style":"button--secondary","mobile_image_crop":"none","mobile_text_below_image":true,"pretext_color_mobile":"rgba(0,0,0,0)","heading_color_mobile":"rgba(0,0,0,0)","subheading_color_mobile":"rgba(0,0,0,0)","btn_bg":"","btn_font":"","width":"wide","padding_top":25,"padding_bottom":0,"padding_left":0,"padding_right":0,"animation":"none","css_class":"","custom_css":""}},"1646600451f723402f":{"type":"index__rich-text","settings":{"title":"CLASSIC WHITE LACE","heading_font":"serif","heading_color":"rgba(0,0,0,0)","heading_alignment":"center","heading_size":30,"text":"<p>Gorgeous lace and delicate pintucks along with shirring details in fine cotton add a romantic touch to these classic, romantic pieces. <\/p>","text_font":"optima_nova_n4","text_color":"rgba(0,0,0,0)","text_alignment":"center","text_size":14,"columns":1,"button_label":"SHOP NOW","button_link":"shopify:\/\/collections\/classics-collection","button_alignment":"center","button_style":"button--link-style","background":"rgba(0,0,0,0)","gradient":"rgba(0,0,0,0)","gradient_rotation":180,"width":"standard","padding_top":20,"padding_bottom":0,"padding_left":0,"padding_right":0,"animation":"fadeInDown","css_class":"","custom_css":""}},"16580101543af2af35":{"type":"index__image-with-text","blocks":{"16580101549aeae3a3-0":{"type":"image","settings":{"image":"shopify:\/\/shop_images\/EileenWest_Feb22_Editorial_0992c-lo.jpg","image_crop":"none","image_link":"shopify:\/\/products\/the-heather-cotton-nightgown","title":"HEATHER COTTON NIGHTGOWN","button_link":"SHOP NOW","button_1_style":"button--link-style","font_color":"#303030","font_size":18,"font_style":"center","regular__font":"serif"}},"16580101549aeae3a3-1":{"type":"image","settings":{"image":"shopify:\/\/shop_images\/EileenWest_Feb22_Editorial_0552-lo.jpg","image_crop":"none","image_link":"shopify:\/\/products\/cottage-dreams-nightgown","title":"COTTAGE DREAMS NIGHTGOWN","button_link":"SHOP NOW","button_1_style":"button--link-style","font_color":"#454545","font_size":18,"font_style":"center","regular__font":"serif"}},"1f1c0561-04d6-4add-a8ef-9904bf90ad06":{"type":"image","settings":{"image":"shopify:\/\/shop_images\/EileenWest_Feb22_Editorial-lo.jpg","image_crop":"none","image_link":"shopify:\/\/products\/florentine-lace-cap-sleeve-gown-q135015","title":"FLORENTINE LACE NIGHTGOWN","button_link":"Shop Now","button_1_style":"button--link-style","font_color":"#303030","font_size":18,"font_style":"center","regular__font":"serif"}}},"block_order":["16580101549aeae3a3-0","16580101549aeae3a3-1","1f1c0561-04d6-4add-a8ef-9904bf90ad06"],"settings":{"width":"standard","show_gutter":true,"padding_top":20,"padding_bottom":20,"animation":"none","css_class":"","custom_css":""}},"164659897191d87634":{"type":"index__image-with-text-overlay","settings":{"link":"","image":"shopify:\/\/shop_images\/look-2.jpg","video":"https:\/\/cdn.shopify.com\/videos\/c\/o\/v\/06dacc4ff5d04dc2a7d91b782d7874db.mp4","pretext":"","title":"","subtitle":"","pretext_color":"#000000","heading_color":"#000000","subheading_color":"#000000","text_alignment":"center","text_horizontal_position":"center","text_vertical_position":"bottom","background_color":"#ffffff","background_opacity":0,"border_color":"#ffffff","border_width":0,"text_width":40,"button_1":"","button_1_link":"","button_1_style":"button--secondary","button_2":"","button_2_link":"","button_2_style":"button--secondary","mobile_image_crop":"none","mobile_text_below_image":true,"pretext_color_mobile":"rgba(0,0,0,0)","heading_color_mobile":"rgba(0,0,0,0)","subheading_color_mobile":"rgba(0,0,0,0)","btn_bg":"","btn_font":"","width":"half","padding_top":20,"padding_bottom":20,"padding_left":0,"padding_right":0,"animation":"none","css_class":"","custom_css":""}},"1664566272c75ff4e1":{"type":"index__image-with-text-overlay","settings":{"link":"shopify:\/\/products\/dream-sweater-knit-short-nightgown","image":"shopify:\/\/shop_images\/EILEENWEST_LookBook_Image1250-03-2.jpg","video":"","pretext":"","title":"","subtitle":"","pretext_color":"#000000","heading_color":"#000000","subheading_color":"#000000","text_alignment":"center","text_horizontal_position":"center","text_vertical_position":"bottom","background_color":"rgba(0,0,0,0)","background_opacity":0,"border_color":"#ffffff","border_width":0,"text_width":40,"button_1":"SHOP NOW","button_1_link":"shopify:\/\/products\/dream-sweater-knit-short-nightgown","button_1_style":"button--secondary","button_2":"","button_2_link":"","button_2_style":"button--secondary","mobile_image_crop":"none","mobile_text_below_image":true,"pretext_color_mobile":"rgba(0,0,0,0)","heading_color_mobile":"rgba(0,0,0,0)","subheading_color_mobile":"rgba(0,0,0,0)","btn_bg":"","btn_font":"","width":"half","padding_top":20,"padding_bottom":20,"padding_left":0,"padding_right":0,"animation":"none","css_class":"","custom_css":""}},"main":{"type":"page-content__main","disabled":true,"settings":{"show_heading":false,"heading_alignment":"left","width":"wide","padding_top":40,"padding_bottom":40,"css_class":"","custom_css":""}}},"order":["banner","1646599254b3189e38","16645646438051e3d5","16591690242db26f7c","1646597951893730d9","164856478623cdc9d5","16465987257615f002","1646600451f723402f","16580101543af2af35","164659897191d87634","1664566272c75ff4e1","main"]}