{"sections":{"banner":{"type":"banner","disabled":true,"settings":{"image_darken":false,"subtitle":"","width":"wide","banner_height":"medium","padding_top":0,"padding_bottom":0,"css_class":"","custom_css":""}},"1646599254b3189e38":{"type":"index__image-with-text-overlay","settings":{"link":"shopify:\/\/products\/seashells-long-sleeve-classic-woven-cotton-sateen-pj-set","image":"shopify:\/\/shop_images\/bedhead-on-the-beach.jpg","mobile_image":"shopify:\/\/shop_images\/bedhead-on-the-beach-mobile.jpg","video":"","pretext":"","title":"","subtitle":"","pretext_color":"#000000","heading_color":"#000000","subheading_color":"#000000","text_alignment":"center","text_horizontal_position":"center","text_vertical_position":"bottom","background_color":"#d5ccba","background_opacity":0,"border_color":"#ffffff","border_width":0,"text_width":40,"button_1":"","button_1_link":"","button_1_style":"button--secondary","button_2":"","button_2_link":"","button_2_style":"button--secondary","mobile_image_crop":"none","mobile_text_below_image":true,"pretext_color_mobile":"rgba(0,0,0,0)","heading_color_mobile":"rgba(0,0,0,0)","subheading_color_mobile":"rgba(0,0,0,0)","width":"wide","padding_top":0,"padding_bottom":0,"padding_left":0,"padding_right":0,"animation":"none","css_class":"","custom_css":""}},"1646597951893730d9":{"type":"index__rich-text","settings":{"title":"Bermuda Edition","heading_font":"din_neuzeit_grotesk_n3","heading_color":"rgba(0,0,0,0)","heading_alignment":"center","heading_size":24,"text":"<p>Inspired by the feeling of sand and salty breezes, our latest designs feature tropical foliage and ocean motifs in soothing shades of green and blue and playful brights. Silhouettes are breezy and chic enough to go from bedroom to brunch or from home office to beach club.  <\/p>","text_font":"din_neuzeit_grotesk_n3","text_color":"rgba(0,0,0,0)","text_alignment":"center","text_size":14,"columns":1,"button_label":"SHOP ALL","button_link":"shopify:\/\/collections\/the-bermuda-edition","button_alignment":"center","button_style":"button--primary","background":"#ffffff","gradient":"#ffffff","gradient_rotation":180,"width":"standard","padding_top":20,"padding_bottom":0,"padding_left":0,"padding_right":0,"animation":"fadeInDown","css_class":"","custom_css":""}},"1647532466b47e03d3":{"type":"mult-image-text","blocks":{"f1e7fe94-038f-4f9d-a71a-9a56caeb196e":{"type":"item_image","settings":{"image":"shopify:\/\/shop_images\/making-lemons.jpg","description":"<p>Enjoy vibrant lemons and a crisp Greek key pattern. <\/p>","btn_txt":"SHOP NOW","btn_url":"shopify:\/\/products\/make-lemonade-v-neck-tank-woven-cotton-cropped-pj-set","width_img":90,"height":50,"color":"#ffffff","bg_color":"#d5ccba","hr_color":"#ffffff","hr_bg_color":"#afa899","position":"left"}}},"block_order":["f1e7fe94-038f-4f9d-a71a-9a56caeb196e"],"settings":{"right_image":"shopify:\/\/shop_images\/berm9_980x_ecd4e684-cdb3-4246-aa5d-bcb4025531a0.webp","video":"https:\/\/cdn.shopify.com\/s\/files\/1\/2438\/9053\/files\/Bermuda_Side_Video_Website_07_-_1500_x_200.mp4?v=1649919163","width_img":60,"position":"right"}},"main":{"type":"page-content__main","disabled":true,"settings":{"show_heading":false,"heading_alignment":"left","width":"wide","padding_top":40,"padding_bottom":40,"css_class":"","custom_css":""}},"16465987257615f002":{"type":"index__image-with-text-overlay","settings":{"link":"shopify:\/\/collections\/under-the-sea","image":"shopify:\/\/shop_images\/Bedhead-pajamas-on-the-beach-bermuda.jpg","mobile_image":"shopify:\/\/shop_images\/Bedhead-pajamas-on-the-beach-bermuda-mobile.jpg","video":"","pretext":"","title":"","subtitle":"","pretext_color":"#000000","heading_color":"#000000","subheading_color":"#000000","text_alignment":"center","text_horizontal_position":"center","text_vertical_position":"top","background_color":"#ffffff","background_opacity":0,"border_color":"#ffffff","border_width":0,"text_width":40,"button_1":"","button_1_link":"","button_1_style":"button--secondary","button_2":"","button_2_link":"","button_2_style":"button--secondary","mobile_image_crop":"none","mobile_text_below_image":true,"pretext_color_mobile":"rgba(0,0,0,0)","heading_color_mobile":"rgba(0,0,0,0)","subheading_color_mobile":"rgba(0,0,0,0)","width":"wide","padding_top":0,"padding_bottom":0,"padding_left":0,"padding_right":0,"animation":"none","css_class":"","custom_css":""}},"1646600451f723402f":{"type":"index__rich-text","disabled":true,"settings":{"title":"MAKE LEMONADE","heading_font":"din_neuzeit_grotesk_n3","heading_color":"rgba(0,0,0,0)","heading_alignment":"center","heading_size":24,"text":"<p>Duis aute irure dolor in reprehenderit in voluptate velit esse cillum dolore eu fugiat nulla pariatur. Excepteur sint occaecat cupidatat non proident, sunt in culpa qui officia deserunt mollit anim id est laborum. Xcepteur sint occaecat cupidatat non proident, sunt in culpa qui officia deserunt mollit anim id est laborum. Xcepteur sint occaecat cupidatat non proident, sunt in culpa qui officia deserunt mollit anim id est laborum. Xcepteur sint occaecat cupidatat non proident, sunt in culpa qui officia deserunt mollit anim id est laborum. <\/p>","text_font":"din_neuzeit_grotesk_n3","text_color":"rgba(0,0,0,0)","text_alignment":"left","text_size":14,"columns":2,"button_label":"","button_link":"","button_alignment":"center","button_style":"button--primary","background":"rgba(0,0,0,0)","gradient":"rgba(0,0,0,0)","gradient_rotation":180,"width":"standard","padding_top":20,"padding_bottom":0,"padding_left":0,"padding_right":0,"animation":"fadeInDown","css_class":"","custom_css":""}},"164856478623cdc9d5":{"type":"index__gallery","blocks":{"1648564786a7b1e577-0":{"type":"image","settings":{"image":"shopify:\/\/shop_images\/Bedhead-pajamas-beach-house-bermuda.jpg","link":"shopify:\/\/products\/mon-amour-mens-long-sleeve-and-jogger-stretch-jersey-pj-set"}},"1648564786a7b1e577-1":{"type":"image","settings":{"image":"shopify:\/\/shop_images\/bedhead-hats.jpg","link":"shopify:\/\/products\/blue-3d-stripe-long-sleeve-classic-woven-cotton-sateen-pj-set"}},"1648564786a7b1e577-2":{"type":"image","disabled":true,"settings":{"link":""}},"1648564786a7b1e577-3":{"type":"image","disabled":true,"settings":{"link":""}}},"block_order":["1648564786a7b1e577-0","1648564786a7b1e577-1","1648564786a7b1e577-2","1648564786a7b1e577-3"],"settings":{"gallery_type":"classic","crop_images":false,"images_per_row":2,"enable_lightbox":false,"overlay_color":"rgba(0,0,0,0)","link_color":"#ffffff","width":"standard","show_gutter":true,"padding_top":20,"padding_bottom":20,"animation":"none","css_class":"remove_overlaly","custom_css":""}},"1646636786ecf8c911":{"type":"mult-image-text","disabled":true,"blocks":{"23cf197a-8d20-4450-bdef-02ef0794f6db":{"type":"item_image","settings":{"description":"<p><strong>Lorem Ipsum<\/strong>is simply dummy text<\/p>","btn_txt":"SHOP NOW","btn_url":"","width_img":35,"height":66,"color":"#ffffff","bg_color":"#d5ccba","hr_color":"#ffffff","hr_bg_color":"#afa899","position":"left"}},"ae65741f-f81d-460e-b44b-ac2ae40d9f53":{"type":"item_image","settings":{"description":"<p><strong>Lorem Ipsum<\/strong>is simply dummy text  <\/p>","btn_txt":"","btn_url":"","width_img":35,"height":66,"color":"#ffffff","bg_color":"#afa899","hr_color":"#ffffff","hr_bg_color":"#000000","position":"right"}}},"block_order":["23cf197a-8d20-4450-bdef-02ef0794f6db","ae65741f-f81d-460e-b44b-ac2ae40d9f53"],"settings":{"video":"","width_img":86,"position":"left"}},"164659897191d87634":{"type":"index__image-with-text-overlay","settings":{"link":"shopify:\/\/products\/white-3d-stripe-long-sleeve-classic-woven-cotton-sateen-pj-set","image":"shopify:\/\/shop_images\/bedhead-on-the-dock.jpg","mobile_image":"shopify:\/\/shop_images\/bedhead-on-the-dock-mobile.jpg","video":"","pretext":"","title":"","subtitle":"","pretext_color":"#000000","heading_color":"#000000","subheading_color":"#000000","text_alignment":"center","text_horizontal_position":"center","text_vertical_position":"bottom","background_color":"#ffffff","background_opacity":0,"border_color":"#ffffff","border_width":0,"text_width":40,"button_1":"","button_1_link":"","button_1_style":"button--secondary","button_2":"","button_2_link":"","button_2_style":"button--secondary","mobile_image_crop":"none","mobile_text_below_image":true,"pretext_color_mobile":"rgba(0,0,0,0)","heading_color_mobile":"rgba(0,0,0,0)","subheading_color_mobile":"rgba(0,0,0,0)","width":"wide","padding_top":0,"padding_bottom":0,"padding_left":0,"padding_right":0,"animation":"none","css_class":"","custom_css":""}},"1647534268d605024b":{"type":"index__rich-text","settings":{"title":"","heading_font":"din_neuzeit_grotesk_n3","heading_color":"rgba(0,0,0,0)","heading_alignment":"center","heading_size":24,"text":"<p>Explore Greek-inspired Key prints and rich feminine florals designed to mix and match to create your perfect spring lounge wardrobe.  <\/p>","text_font":"din_neuzeit_grotesk_n3","text_color":"rgba(0,0,0,0)","text_alignment":"center","text_size":14,"columns":1,"button_label":"SHOP ALL","button_link":"shopify:\/\/collections\/women","button_alignment":"center","button_style":"button--primary","background":"rgba(0,0,0,0)","gradient":"rgba(0,0,0,0)","gradient_rotation":180,"width":"standard","padding_top":20,"padding_bottom":0,"padding_left":0,"padding_right":0,"animation":"fadeInDown","css_class":"","custom_css":""}},"16466367099b0e5548":{"type":"mult-image-text","blocks":{"3b473dc5-8845-4e60-b3db-cf5d97253692":{"type":"item_image","settings":{"image":"shopify:\/\/shop_images\/blue-pajamas.jpg","description":"<p>Look cool and polished from bed to the beach.<\/p>","btn_txt":"SHOP NOW","btn_url":"shopify:\/\/products\/liberty-fabrics-elysian-day-short-sleeve-classic-shorty-woven-tana-lawn-pj-set","width_img":65,"height":50,"color":"#ffffff","bg_color":"#afa899","hr_color":"#ffffff","hr_bg_color":"#000000","position":"left"}}},"block_order":["3b473dc5-8845-4e60-b3db-cf5d97253692"],"settings":{"right_image":"shopify:\/\/shop_images\/on-the-beach-pajamas-bermuda.jpg","video":"","width_img":60,"position":"right"}},"1651837575480fdae4":{"type":"index__rich-text","settings":{"title":"","heading_font":"din_neuzeit_grotesk_n3","heading_color":"rgba(0,0,0,0)","heading_alignment":"center","heading_size":21,"text":"","text_font":"open_sans_n4","text_color":"rgba(0,0,0,0)","text_alignment":"left","text_size":14,"columns":1,"button_label":"SHOP ALL","button_link":"shopify:\/\/collections\/the-bermuda-edition","button_alignment":"center","button_style":"button--primary","background":"rgba(0,0,0,0)","gradient":"rgba(0,0,0,0)","gradient_rotation":180,"width":"wide","padding_top":0,"padding_bottom":0,"padding_left":0,"padding_right":0,"animation":"none","css_class":"","custom_css":""}}},"order":["banner","1646599254b3189e38","1646597951893730d9","1647532466b47e03d3","main","16465987257615f002","1646600451f723402f","164856478623cdc9d5","1646636786ecf8c911","164659897191d87634","1647534268d605024b","16466367099b0e5548","1651837575480fdae4"]}