{"sections":{"banner":{"type":"banner","disabled":true,"settings":{"image":"shopify:\/\/shop_images\/Artboard_23_copy_3-100.jpg","image_darken":false,"subtitle":"","width":"wide","banner_height":"medium","padding_top":0,"padding_bottom":0,"css_class":"","custom_css":""}},"164659897191d87634":{"type":"index__image-with-text-overlay","disabled":true,"settings":{"link":"","image":"shopify:\/\/shop_images\/Pamela-Frame-1.jpg","video":"https:\/\/cdn.shopify.com\/videos\/c\/o\/v\/2c7e523ba3ff4424a984c517976bc2b6.mp4","pretext":"","title":"","subtitle":"","pretext_color":"#000000","heading_color":"#000000","subheading_color":"#000000","text_alignment":"center","text_horizontal_position":"center","text_vertical_position":"bottom","background_color":"#ffffff","background_opacity":0,"border_color":"#ffffff","border_width":0,"text_width":40,"button_1":"","button_1_link":"","button_1_style":"button--secondary","button_2":"","button_2_link":"","button_2_style":"button--secondary","mobile_image_crop":"none","mobile_text_below_image":true,"pretext_color_mobile":"rgba(0,0,0,0)","heading_color_mobile":"rgba(0,0,0,0)","subheading_color_mobile":"rgba(0,0,0,0)","btn_bg":"","btn_font":"","width":"half","padding_top":0,"padding_bottom":0,"padding_left":0,"padding_right":0,"animation":"none","css_class":"","custom_css":""}},"1646599254b3189e38":{"type":"index__image-with-text-overlay","disabled":true,"settings":{"link":"","image":"shopify:\/\/shop_images\/Artboard_23_copy_8-1021.jpg","video":"","pretext":"","title":"","subtitle":"","pretext_color":"#000000","heading_color":"#000000","subheading_color":"#000000","text_alignment":"center","text_horizontal_position":"center","text_vertical_position":"bottom","background_color":"#d5ccba","background_opacity":0,"border_color":"#ffffff","border_width":0,"text_width":40,"button_1":"","button_1_link":"","button_1_style":"button--secondary","button_2":"","button_2_link":"","button_2_style":"button--secondary","mobile_image_crop":"none","mobile_text_below_image":true,"pretext_color_mobile":"rgba(0,0,0,0)","heading_color_mobile":"rgba(0,0,0,0)","subheading_color_mobile":"rgba(0,0,0,0)","btn_bg":"","btn_font":"","width":"half","padding_top":0,"padding_bottom":0,"padding_left":0,"padding_right":0,"animation":"none","css_class":"","custom_css":""}},"1646597951893730d9":{"type":"index__rich-text","disabled":true,"settings":{"title":"HOLIDAY GIFT GUIDE","heading_font":"sans-serif","heading_color":"rgba(0,0,0,0)","heading_alignment":"center","heading_size":30,"text":"<p>Special Gifts<\/p>","text_font":"serif","text_color":"rgba(0,0,0,0)","text_alignment":"center","text_size":14,"columns":1,"button_label":"","button_link":"","button_alignment":"center","button_style":"button--link-style","background":"#ffffff","gradient":"#ffffff","gradient_rotation":180,"width":"standard","padding_top":20,"padding_bottom":0,"padding_left":0,"padding_right":0,"animation":"fadeInDown","css_class":"","custom_css":""}},"79e4743e-d5e6-4dd4-93d6-72d8c9b198df":{"type":"index__image-with-text-overlay","settings":{"link":"","image":"shopify:\/\/shop_images\/Artboard_23_copy_3-100.jpg","video":"","pretext":"","title":"HOLIDAY GIFT GUIDE","subtitle":"","pretext_color":"#000000","heading_color":"#000000","subheading_color":"#000000","text_alignment":"center","text_horizontal_position":"center","text_vertical_position":"middle","background_color":"rgba(0,0,0,0)","background_opacity":0,"border_color":"rgba(0,0,0,0)","border_width":0,"text_width":40,"button_1":"","button_1_link":"","button_1_style":"button--secondary","button_2":"","button_2_link":"","button_2_style":"button--secondary","mobile_image_crop":"none","mobile_text_below_image":true,"pretext_color_mobile":"rgba(0,0,0,0)","heading_color_mobile":"rgba(0,0,0,0)","subheading_color_mobile":"rgba(0,0,0,0)","btn_bg":"","btn_font":"","width":"wide","padding_top":0,"padding_bottom":0,"padding_left":0,"padding_right":0,"animation":"none","css_class":"","custom_css":""}},"c65bf45e-4239-4fa0-9fd6-db6689715d80":{"type":"index__featured-collection","blocks":{"d78b5287-7cfa-46c6-8992-6054f13f24f0":{"type":"product","settings":{"product":"holly-berry-plaid-flannel-nightshirt","image":"shopify:\/\/shop_images\/2_05_E5325062_644_032_3976a23a-2d5d-48c2-aa96-4721fb64c779.jpg"}},"33d5bdad-3e8a-4545-b4de-82370e9b8dee":{"type":"product","settings":{"product":"berry-jubilee-flannel-notch-collar-pajama","image":"shopify:\/\/shop_images\/3_05_E5725062_154_052.jpg"}},"50e0c999-a5e1-4951-80ef-633aa00b89cf":{"type":"product","settings":{"product":"candy-stripe-flannel-nightshirt","image":"shopify:\/\/shop_images\/1_05_E5325062_160_026.jpg"}},"df12d35d-29f7-4f40-bb14-3beafac82e68":{"type":"product","settings":{"product":"holly-berry-plaid-notch-collar-pajama","image":"shopify:\/\/shop_images\/EileenWest_Feb22_Editorial_0076a.jpg"}}},"block_order":["d78b5287-7cfa-46c6-8992-6054f13f24f0","33d5bdad-3e8a-4545-b4de-82370e9b8dee","50e0c999-a5e1-4951-80ef-633aa00b89cf","df12d35d-29f7-4f40-bb14-3beafac82e68"],"settings":{"title":"FLANNEL GIFTS","collection":"sc-eileen-west","products_per":4,"mobile_products_per_row":"2","products_limit":4,"align_height":false,"collection_height":200,"collection_style":"grid","big_item":"left","big_width":20,"width":"standard","show_gutter":true,"padding_top":20,"padding_bottom":20,"animation":"none","custom_css":"","video":"","url":"","text":"","css_class":""}},"188a1cc9-f44e-4e1f-9909-52364f6b72df":{"type":"index__featured-collection","blocks":{"36c58280-d1ae-423f-bade-a633a87c45ec":{"type":"product","settings":{"product":"candy-stripe-flannel-long-nightgown","image":"shopify:\/\/shop_images\/EileenWest_Feb22_Editorial_2937.jpg"}},"f7f308a7-5d04-4ff7-be09-dc02d500eacb":{"type":"product","settings":{"product":"heritage-cotton-flannel-embroidery-sweetheart-nightgown","image":"shopify:\/\/shop_images\/9_05_E5225064_989_110.jpg"}},"955ccea4-1774-485a-991d-42f3504a5c8b":{"type":"product","settings":{"product":"berry-jubilee-flannel-long-nightgown","image":"shopify:\/\/shop_images\/6_05_E5025062_154_091a.jpg"}},"f93dae47-b656-491c-a506-15349409cfc3":{"type":"product","settings":{"product":"heritage-cotton-flannel-embroidery-sweetheart-nightgown","image":"shopify:\/\/shop_images\/8_05_E5225064_690_103a.jpg"}}},"block_order":["36c58280-d1ae-423f-bade-a633a87c45ec","f7f308a7-5d04-4ff7-be09-dc02d500eacb","955ccea4-1774-485a-991d-42f3504a5c8b","f93dae47-b656-491c-a506-15349409cfc3"],"settings":{"title":"","collection":"sc-eileen-west","products_per":4,"mobile_products_per_row":"2","products_limit":4,"align_height":false,"collection_height":200,"collection_style":"grid","big_item":"left","big_width":20,"width":"standard","show_gutter":true,"padding_top":20,"padding_bottom":20,"animation":"none","custom_css":"","video":"","url":"","text":"","css_class":""}},"main":{"type":"page-content__main","disabled":true,"settings":{"show_heading":false,"heading_alignment":"left","width":"wide","padding_top":40,"padding_bottom":40,"css_class":"","custom_css":""}},"73347d7d-af04-4b53-8171-585c2513d0f3":{"type":"index__featured-collection","blocks":{"73eb3fd6-8b97-4c48-9a5a-878c2252c368":{"type":"product","settings":{"product":"the-emilia-white-cotton-nightgown","image":"shopify:\/\/shop_images\/5_05_E5625061_100_360.jpg"}},"c93ccec5-a0ba-4880-a618-4ceb788f1cc8":{"type":"product","settings":{"product":"the-heather-cotton-nightgown","image":"shopify:\/\/shop_images\/6_05_E5425061_100_357.jpg"}},"0069742a-0f7c-416f-818e-bb50ff649db6":{"type":"product","settings":{"product":"the-laura-classic-white-cotton-nightgown","image":"shopify:\/\/shop_images\/13_05_E5625071_100_122.jpg"}},"00e79913-cca0-48ac-9703-b686d755cfaf":{"type":"product","settings":{"product":"heirloom-dream-chemise-q101888","image":"shopify:\/\/shop_images\/EileenWest_Feb22_Editorial_0737.jpg"}}},"block_order":["73eb3fd6-8b97-4c48-9a5a-878c2252c368","c93ccec5-a0ba-4880-a618-4ceb788f1cc8","0069742a-0f7c-416f-818e-bb50ff649db6","00e79913-cca0-48ac-9703-b686d755cfaf"],"settings":{"title":"TIMELESS CLASSICS","collection":"sc-queen-annes-lace","products_per":4,"mobile_products_per_row":"2","products_limit":4,"align_height":false,"collection_height":200,"collection_style":"grid","big_item":"left","big_width":20,"width":"standard","show_gutter":true,"padding_top":20,"padding_bottom":20,"animation":"none","custom_css":"","video":"","url":"","text":"","css_class":""}},"7185fac0-f760-45d7-9077-64156dbf1efb":{"type":"index__featured-collection","blocks":{"e09c388b-a7d0-4a4d-b1ab-01358b550ca1":{"type":"product","settings":{"product":"florentine-lace-cap-sleeve-gown-q135015","image":"shopify:\/\/shop_images\/EileenWest_Feb22_Editorial_1705b.jpg"}},"eaf0cb1f-da7d-4d5a-8e3b-f17dca5b4fd4":{"type":"product","settings":{"product":"heritage-cotton-flannel-embroidery-round-neck-nightgown","image":"shopify:\/\/shop_images\/17_05_E5525064_100_370.jpg"}},"4f42c1b4-a0a3-422d-97e8-2a2e7207b9c8":{"type":"product","settings":{"product":"clara-l-s-poet-nightdress-e5320126-100","image":"shopify:\/\/shop_images\/26_05_E5320126_100_366.jpg"}},"3e7191ec-18d2-4d45-90ef-31b93d73d37c":{"type":"product","settings":{"product":"santorini-satin-gown","image":"shopify:\/\/shop_images\/EileenWest_Feb22_Editorial_1482a-new.jpg"}}},"block_order":["e09c388b-a7d0-4a4d-b1ab-01358b550ca1","eaf0cb1f-da7d-4d5a-8e3b-f17dca5b4fd4","4f42c1b4-a0a3-422d-97e8-2a2e7207b9c8","3e7191ec-18d2-4d45-90ef-31b93d73d37c"],"settings":{"title":"","collection":"sc-queen-annes-lace","products_per":4,"mobile_products_per_row":"2","products_limit":4,"align_height":false,"collection_height":200,"collection_style":"grid","big_item":"left","big_width":20,"width":"standard","show_gutter":true,"padding_top":20,"padding_bottom":20,"animation":"none","custom_css":"","video":"","url":"","text":"","css_class":""}},"a5aae0b5-b52a-41e8-9b1a-3a3ee7c69df3":{"type":"index__featured-collection","blocks":{"77039f99-88e2-406e-bbfb-97ccea02e425":{"type":"product","settings":{"product":"berry-jubilee-eileen-cotton-nightgown","image":"shopify:\/\/shop_images\/EileenWest_Feb22_Editorial_1255.jpg"}},"7566b9c6-48bd-43d0-9fcf-8149de7a401d":{"type":"product","settings":{"product":"grey-ribbon-floral-emilia-cotton-nightgown","image":"shopify:\/\/shop_images\/3_05_E5625061_190_349.jpg"}},"f974cf11-649b-41f3-8500-fec05118c306":{"type":"product","settings":{"product":"grey-ribbon-floral-eileen-cotton-nightgown","image":"shopify:\/\/shop_images\/1_05_E5225061_190_346.jpg"}},"cb00d594-b6bd-4468-8301-fa8bd5e17c42":{"type":"product","settings":{"product":"holly-berry-scroll-eileen-cotton-nightgown","image":"shopify:\/\/shop_images\/2_05_E5225061_168_341.jpg"}}},"block_order":["77039f99-88e2-406e-bbfb-97ccea02e425","7566b9c6-48bd-43d0-9fcf-8149de7a401d","f974cf11-649b-41f3-8500-fec05118c306","cb00d594-b6bd-4468-8301-fa8bd5e17c42"],"settings":{"title":"HOLIDAY FLORALS","collection":"favorite-florals","products_per":4,"mobile_products_per_row":"2","products_limit":4,"align_height":false,"collection_height":200,"collection_style":"grid","big_item":"left","big_width":20,"width":"standard","show_gutter":true,"padding_top":20,"padding_bottom":20,"animation":"none","custom_css":"","video":"","url":"","text":"","css_class":""}},"14bf6d87-f9f0-4f56-91ea-f1cde61b7a16":{"type":"index__featured-collection","disabled":true,"blocks":{"415314e5-acd6-46f4-b11c-2a049107f426":{"type":"product","settings":{"product":"holly-berry-scroll-emilia-cotton-nightgown"}},"ee2408e3-264b-4b69-a845-cd3e79df09ed":{"type":"product","settings":{"product":"berry-jubilee-long-sleeve-cotton-nightgown","image":"shopify:\/\/shop_images\/8_05_E5525061_166_6065.jpg"}},"49fabb3f-d862-4c70-b5d1-32d846432572":{"type":"product","settings":{"product":"berry-jubilee-eileen-cotton-nightgown","image":"shopify:\/\/shop_images\/7_05_E5225061_166_4790_1200x_b1f304fb-937e-408e-9436-9b8648a0b25f.webp"}},"cdae1ff5-ca29-40b6-a5ea-43eac59a04bc":{"type":"product","settings":{"product":"holly-berry-scroll-long-sleeve-cotton-nightgown","image":"shopify:\/\/shop_images\/EileenWest_Feb22_Editorial_1242-new.jpg"}}},"block_order":["415314e5-acd6-46f4-b11c-2a049107f426","ee2408e3-264b-4b69-a845-cd3e79df09ed","49fabb3f-d862-4c70-b5d1-32d846432572","cdae1ff5-ca29-40b6-a5ea-43eac59a04bc"],"settings":{"title":"","collection":"favorite-florals","products_per":4,"mobile_products_per_row":"2","products_limit":4,"align_height":false,"collection_height":200,"collection_style":"grid","big_item":"left","big_width":20,"width":"standard","show_gutter":true,"padding_top":20,"padding_bottom":20,"animation":"none","custom_css":"","video":"","url":"","text":"","css_class":""}},"0040d998-cea6-4608-a0a7-e61dc29a8c4f":{"type":"index__featured-collection","settings":{"title":"","collection":"gift-florals","products_per":4,"mobile_products_per_row":"2","products_limit":4,"align_height":false,"collection_height":200,"collection_style":"grid","big_item":"left","big_width":20,"width":"standard","show_gutter":true,"padding_top":20,"padding_bottom":20,"animation":"none","custom_css":"","video":"","url":"","text":"","css_class":""}}},"order":["banner","164659897191d87634","1646599254b3189e38","1646597951893730d9","79e4743e-d5e6-4dd4-93d6-72d8c9b198df","c65bf45e-4239-4fa0-9fd6-db6689715d80","188a1cc9-f44e-4e1f-9909-52364f6b72df","main","73347d7d-af04-4b53-8171-585c2513d0f3","7185fac0-f760-45d7-9077-64156dbf1efb","a5aae0b5-b52a-41e8-9b1a-3a3ee7c69df3","14bf6d87-f9f0-4f56-91ea-f1cde61b7a16","0040d998-cea6-4608-a0a7-e61dc29a8c4f"]}