{"sections":{"banner":{"type":"banner","disabled":true,"settings":{"image_darken":false,"subtitle":"Subheading","width":"wide","banner_height":"medium","padding_top":0,"padding_bottom":0,"css_class":"","custom_css":""}},"page":{"type":"page-content__main","settings":{"show_heading":true,"heading_alignment":"center","width":"standard","padding_top":40,"padding_bottom":40,"css_class":"","custom_css":""}},"main":{"type":"index__faq","disabled":true,"blocks":{"16306825309648acac-1":{"type":"content","settings":{"title":"What is your question?","answer":"<p>Provide the answer to the question here.<\/p>"}},"16306825309648acac-2":{"type":"content","settings":{"title":"What is your question?","answer":"<p>Provide the answer to the question here.<\/p>"}},"16306825309648acac-3":{"type":"content","settings":{"title":"What is your question?","answer":"<p>Provide the answer to the question here.<\/p>"}},"16306825309648acac-5":{"type":"content","settings":{"title":"What is your question?","answer":"<p>Provide the answer to the question here.<\/p>"}},"16306825309648acac-6":{"type":"content","settings":{"title":"What is your question?","answer":"<p>Provide the answer to the question here.<\/p>"}},"16306825309648acac-7":{"type":"content","settings":{"title":"What is your question?","answer":"<p>Provide the answer to the question here.<\/p>"}}},"block_order":["16306825309648acac-1","16306825309648acac-2","16306825309648acac-3","16306825309648acac-5","16306825309648acac-6","16306825309648acac-7"],"settings":{"title":"","width":"standard","padding_top":0,"padding_bottom":80,"animation":"none","css_class":"","custom_css":""}}},"order":["banner","page","main"]}