{"sections":{"banner":{"type":"banner","disabled":true,"settings":{"image_darken":false,"subtitle":"","width":"wide","banner_height":"medium","padding_top":0,"padding_bottom":0,"css_class":"","custom_css":""}},"1648149367335c7bd0":{"type":"index__image-with-text-overlay","settings":{"link":"","image":"shopify:\/\/shop_images\/Screenshot_2022-06-21_at_6.46.02_PM_fe0b9752-06c7-44c4-9cf9-1ea664c4a796.png","video":"https:\/\/cdn.shopify.com\/s\/files\/1\/0554\/2019\/0807\/files\/Mens_Header_Website_03_-_1800_x_800.mp4?v=1649197806","pretext":"","title":"","subtitle":"","pretext_color":"#000000","heading_color":"#000000","subheading_color":"#000000","text_alignment":"center","text_horizontal_position":"center","text_vertical_position":"middle","background_color":"#ffffff","background_opacity":77,"border_color":"#ffffff","border_width":0,"text_width":40,"button_1":"","button_1_link":"","button_1_style":"button--secondary","button_2":"","button_2_link":"","button_2_style":"button--secondary","mobile_image_crop":"none","mobile_text_below_image":true,"pretext_color_mobile":"rgba(0,0,0,0)","heading_color_mobile":"rgba(0,0,0,0)","subheading_color_mobile":"rgba(0,0,0,0)","width":"wide","padding_top":0,"padding_bottom":0,"padding_left":0,"padding_right":0,"animation":"none","css_class":"","custom_css":""}},"main":{"type":"page-content__main","disabled":true,"settings":{"show_heading":false,"heading_alignment":"left","width":"standard","padding_top":40,"padding_bottom":40,"css_class":"","custom_css":""}},"16470249274961b22f":{"type":"index__rich-text","settings":{"title":"MEN ABOUT TOWN","heading_font":"din_neuzeit_grotesk_n3","heading_color":"rgba(0,0,0,0)","heading_alignment":"center","heading_size":24,"text":"<p>Explore our new menswear styles, designed in bold, sophisticated prints. This leaf pattern is inspired by days spent poolside at the Beverly Hills Hotel or shopping on Abbot Kinney. Wherever your destination, look sharp and relaxed in our tailored silhouettes. <\/p>","text_font":"din_neuzeit_grotesk_n3","text_color":"rgba(0,0,0,0)","text_alignment":"center","text_size":14,"columns":1,"button_label":"SHOP THE MEN'S COLLECTION","button_link":"shopify:\/\/collections\/mens-pajamas","button_alignment":"center","button_style":"button--primary","background":"rgba(0,0,0,0)","gradient":"rgba(0,0,0,0)","gradient_rotation":180,"width":"wide","padding_top":0,"padding_bottom":0,"padding_left":0,"padding_right":0,"animation":"none","css_class":"","custom_css":""}},"16449638557a4eca47":{"type":"index__featured-collection","blocks":{"c47697e9-6813-4044-8985-79be963a1e6f":{"type":"product","settings":{"product":"palm-leaves-mens-long-sleeve-classic-woven-cotton-sateen-pj","image":"shopify:\/\/shop_images\/11_-263.jpg"}},"5c9db9be-2589-4645-8939-3d1db0f32595":{"type":"product","settings":{"product":"palm-leaves-mens-short-sleeve-classic-woven-cotton-sateen-pj-set","image":"shopify:\/\/shop_images\/Film-11_-7.jpg"}},"81e109ec-4390-44b9-ab12-ba07a6fea2dd":{"type":"product","settings":{"product":"palm-leaves-mens-short-sleeve-classic-woven-cotton-sateen-pj-set","image":"shopify:\/\/shop_images\/11_-64.jpg"}},"22a7ddae-3643-4417-9ab7-b42881cc4fb2":{"type":"product","settings":{"product":"palm-leaves-mens-long-sleeve-classic-woven-cotton-sateen-pj","image":"shopify:\/\/shop_images\/9_-184.jpg"}}},"block_order":["c47697e9-6813-4044-8985-79be963a1e6f","5c9db9be-2589-4645-8939-3d1db0f32595","81e109ec-4390-44b9-ab12-ba07a6fea2dd","22a7ddae-3643-4417-9ab7-b42881cc4fb2"],"settings":{"title":"","collection":"mens-pajamas","products_per":4,"mobile_products_per_row":"1","products_limit":5,"align_height":false,"collection_height":200,"collection_style":"smart_grid","big_item":"right","big_width":20,"width":"standard","show_gutter":true,"padding_top":20,"padding_bottom":40,"animation":"none","custom_css":"","image":"shopify:\/\/shop_images\/Film-21.jpg","video":"","url":"shopify:\/\/products\/cherry-on-top-3-4-sleeve-classic-stretch-jersey-cropped-pj-set","text":"","css_class":""}},"164496424449d5d4eb":{"type":"index__featured-product","blocks":{"16449642444783e870-0":{"type":"title","settings":{}},"16449642444783e870-1":{"type":"price","settings":{"display_savings":true}},"16449642444783e870-2":{"type":"description","disabled":true,"settings":{"custom_description":""}},"16449642444783e870-3":{"type":"form","settings":{"show_payment_button":true}},"16449642444783e870-4":{"type":"share","disabled":true,"settings":{}},"48b7759f-1a96-44c5-b172-65d5e20a0b13":{"type":"size-chart","settings":{"size_chart":""}}},"block_order":["16449642444783e870-0","16449642444783e870-1","16449642444783e870-2","16449642444783e870-3","16449642444783e870-4","48b7759f-1a96-44c5-b172-65d5e20a0b13"],"settings":{"featured_product":"regatta-mens-long-sleeve-classic-stretch-jersey-pj-set","product_images_position":"left","set_product_height":false,"product_height":500,"video_looping":false,"gallery_arrows":true,"enable_zoom":true,"enable_product_lightbox":false,"slideshow_speed":2,"slideshow_transition":"fade","display_thumbnails":true,"thumbnail_position":"right-thumbnails","enable_thumbnail_slider":true,"width":"standard","padding_top":50,"padding_bottom":0,"animation":"none","section_width":1590,"css_class":"","custom_css":""}},"1647123674b8d5123b":{"type":"index__rich-text","settings":{"title":"CASUAL AFFAIR","heading_font":"open_sans_n4","heading_color":"rgba(0,0,0,0)","heading_alignment":"center","heading_size":24,"text":"<p>This geometric pattern evokes a hip, mid-century vibe. Pick up our short-sleeved pajamas set for a look that effortlessly goes from home to beach to dinner.<\/p>","text_font":"din_neuzeit_grotesk_n3","text_color":"rgba(0,0,0,0)","text_alignment":"center","text_size":14,"columns":1,"button_label":"SHOP ALL","button_link":"shopify:\/\/collections\/mens-pajamas","button_alignment":"center","button_style":"button--primary","background":"#ffffff","gradient":"#ffffff","gradient_rotation":180,"width":"wide","padding_top":20,"padding_bottom":0,"padding_left":0,"padding_right":0,"animation":"none","css_class":"","custom_css":""}},"1644964252e2e64c87":{"type":"index__featured-collection","blocks":{"de2dd258-6024-4b18-9cd2-9eca4f5f6eca":{"type":"product","settings":{"product":"slate-triangle-geo-mens-long-sleeve-classic-woven-cotton-sateen-pj","image":"shopify:\/\/shop_images\/Film-20_-6.jpg"}},"c4efd806-5e23-4407-ab76-696b10163c04":{"type":"product","settings":{"product":"slate-triangle-geo-mens-short-sleeve-henley-and-short-cotton-sateen-pj","image":"shopify:\/\/shop_images\/Film-13_-14.jpg"}},"959c156f-6644-47b8-b971-9a0611458f09":{"type":"product","settings":{"product":"slate-triangle-geo-mens-short-sleeve-classic-woven-cotton-sateen-pj-set","image":"shopify:\/\/shop_images\/2_-15.jpg"}},"473ce097-7e05-46d8-af21-ff39cb1df991":{"type":"product","settings":{"product":"slate-triangle-geo-mens-short-sleeve-classic-woven-cotton-sateen-pj-set","image":"shopify:\/\/shop_images\/13_-142.jpg"}}},"block_order":["de2dd258-6024-4b18-9cd2-9eca4f5f6eca","c4efd806-5e23-4407-ab76-696b10163c04","959c156f-6644-47b8-b971-9a0611458f09","473ce097-7e05-46d8-af21-ff39cb1df991"],"settings":{"title":"","collection":"mens-pajamas","products_per":4,"mobile_products_per_row":"1","products_limit":5,"align_height":false,"collection_height":200,"collection_style":"smart_grid","big_item":"left","big_width":20,"width":"standard","show_gutter":true,"padding_top":0,"padding_bottom":0,"animation":"none","custom_css":"","image":"shopify:\/\/shop_images\/in-the-pajamas.jpg","video":"","url":"shopify:\/\/products\/slate-triangle-geo-mens-short-sleeve-classic-woven-cotton-sateen-pj-set","text":"","css_class":""}},"1650411667cd853afc":{"type":"index__rich-text","disabled":true,"settings":{"title":"","heading_font":"din_neuzeit_grotesk_n3","heading_color":"rgba(0,0,0,0)","heading_alignment":"center","heading_size":30,"text":"","text_font":"open_sans_n4","text_color":"rgba(0,0,0,0)","text_alignment":"left","text_size":14,"columns":2,"button_label":"SHOP ALL","button_link":"shopify:\/\/collections\/mens-pajamas","button_alignment":"center","button_style":"button--primary","background":"rgba(0,0,0,0)","gradient":"rgba(0,0,0,0)","gradient_rotation":180,"width":"wide","padding_top":0,"padding_bottom":0,"padding_left":0,"padding_right":0,"animation":"none","css_class":"","custom_css":""}},"1645981504b0857791":{"type":"index__featured-collection","blocks":{"3423b23b-8cd3-4d3a-93fa-b35859c283eb":{"type":"product","settings":{"product":"regatta-mens-long-sleeve-classic-stretch-jersey-pj-set","image":"shopify:\/\/shop_images\/BHM2923792_4972B_REGATTA.jpg"}},"4d075e2c-7c52-437a-ab59-29af028b5804":{"type":"product","settings":{"product":"burgers-and-fries-mens-short-sleeve-classic-stretch-short-jersey-pj-set","image":"shopify:\/\/shop_images\/BHM1623794_4978B_2606.jpg"}},"52b9e030-18bb-4e00-a8c9-25026970e6b7":{"type":"product","settings":{"product":"evil-eye-mens-long-sleeve-classic-stretch-jersey-pj-set","image":"shopify:\/\/shop_images\/BHM2923790_4965B_EVIL_EYE_2732.jpg"}},"2adfb369-58da-44d0-a840-8e8a2fcefddb":{"type":"product","settings":{"product":"regatta-mens-short-sleeve-henley-with-boxer-short-pj-set","image":"shopify:\/\/shop_images\/BHM1623792_4972B_REGATTA_2344.jpg"}}},"block_order":["3423b23b-8cd3-4d3a-93fa-b35859c283eb","4d075e2c-7c52-437a-ab59-29af028b5804","52b9e030-18bb-4e00-a8c9-25026970e6b7","2adfb369-58da-44d0-a840-8e8a2fcefddb"],"settings":{"title":"SOME OF OUR LATEST STYLES","collection":"mens-pajamas","products_per":4,"mobile_products_per_row":"1","products_limit":4,"align_height":false,"collection_height":200,"collection_style":"grid","big_item":"left","big_width":20,"width":"wide","show_gutter":true,"padding_top":20,"padding_bottom":20,"animation":"none","custom_css":"","video":"","url":"","text":"","css_class":""}},"1649771138ae9bdb98":{"type":"index__newsletter","disabled":true,"settings":{"display_first_name":false,"display_last_name":false,"newsletter_title":"Subscribe","newsletter_richtext":"<p>Sign up to get the latest on sales, new releases and more …<\/p>","newsletter_section_text_align":"center","background_color":"#edebe4","text_color":"#303030","image_darken":false,"image_cropping":"center","image_position":"left","width":"wide","padding_top":0,"padding_bottom":0,"padding_left":0,"padding_right":0,"animation":"none","css_class":"","custom_css":""}}},"order":["banner","1648149367335c7bd0","main","16470249274961b22f","16449638557a4eca47","164496424449d5d4eb","1647123674b8d5123b","1644964252e2e64c87","1650411667cd853afc","1645981504b0857791","1649771138ae9bdb98"]}