{"sections":{"banner":{"type":"banner","disabled":true,"settings":{"image_darken":false,"subtitle":"","width":"wide","banner_height":"medium","padding_top":0,"padding_bottom":0,"css_class":"","custom_css":""}},"1648149367335c7bd0":{"type":"index__image-with-text-overlay","settings":{"link":"shopify:\/\/products\/regatta-short-sleeve-stretch-jersey-kids-pj-set","image":"shopify:\/\/shop_images\/kids-banner.jpg","video":"","pretext":"","title":"","subtitle":"","pretext_color":"#000000","heading_color":"#000000","subheading_color":"#000000","text_alignment":"center","text_horizontal_position":"center","text_vertical_position":"middle","background_color":"#ffffff","background_opacity":77,"border_color":"#ffffff","border_width":0,"text_width":40,"button_1":"","button_1_link":"","button_1_style":"button--secondary","button_2":"","button_2_link":"","button_2_style":"button--secondary","mobile_image_crop":"none","mobile_text_below_image":true,"pretext_color_mobile":"rgba(0,0,0,0)","heading_color_mobile":"rgba(0,0,0,0)","subheading_color_mobile":"rgba(0,0,0,0)","width":"wide","padding_top":0,"padding_bottom":0,"padding_left":0,"padding_right":0,"animation":"none","css_class":"","custom_css":""}},"main":{"type":"page-content__main","disabled":true,"settings":{"show_heading":false,"heading_alignment":"left","width":"standard","padding_top":40,"padding_bottom":40,"css_class":"","custom_css":""}},"16470249274961b22f":{"type":"index__rich-text","settings":{"title":"PLAY DATE","heading_font":"din_neuzeit_grotesk_n3","heading_color":"rgba(0,0,0,0)","heading_alignment":"center","heading_size":24,"text":"<p>What’s good for mom and dad, looks even better in pint-sized versions for the kids. Our pajamas are soft against sensitive skin.  Too cute for just bedtime, dress up your little ones in Bedhead Pajamas for holidays, family photo shoots and special adventures.<\/p>","text_font":"din_neuzeit_grotesk_n3","text_color":"rgba(0,0,0,0)","text_alignment":"center","text_size":14,"columns":1,"button_label":"SHOP THE KID'S COLLECTION","button_link":"shopify:\/\/collections\/children-size-2t-8","button_alignment":"center","button_style":"button--primary","background":"rgba(0,0,0,0)","gradient":"rgba(0,0,0,0)","gradient_rotation":180,"width":"wide","padding_top":0,"padding_bottom":0,"padding_left":0,"padding_right":0,"animation":"none","css_class":"","custom_css":""}},"16449638557a4eca47":{"type":"index__featured-collection","blocks":{"e1e1f630-2a85-41aa-8588-204a2df6646e":{"type":"product","settings":{"product":"regatta-short-sleeve-stretch-jersey-kids-pj-set","image":"shopify:\/\/shop_images\/BHK2623792_4972B_REGATTA_0322.jpg"}},"7d8cbeb9-539f-4612-a119-437156a1bee6":{"type":"product","settings":{"product":"regatta-short-sleeve-stretch-jersey-boo-boo-pj-set","image":"shopify:\/\/shop_images\/BH2923792-BHK2623792_0786.jpg"}},"6d2b53ca-49bb-40f4-be66-1f00626d7d8d":{"type":"product","settings":{"product":"keep-cool-short-sleeve-stretch-jersey-kids-pj-set","image":"shopify:\/\/shop_images\/BH2423794-BHK2723794_4977B_KEEP_COOL_3246.jpg"}},"4453202c-1d54-4a89-8971-ba9685c242e9":{"type":"product","settings":{"product":"keep-cool-short-sleeve-stretch-jersey-boo-boo-pj-set","image":"shopify:\/\/shop_images\/BHK2623794_4977B_KEEP_COOL_2509.jpg"}}},"block_order":["e1e1f630-2a85-41aa-8588-204a2df6646e","7d8cbeb9-539f-4612-a119-437156a1bee6","6d2b53ca-49bb-40f4-be66-1f00626d7d8d","4453202c-1d54-4a89-8971-ba9685c242e9"],"settings":{"title":"","collection":"childrens-pajamas","products_per":4,"mobile_products_per_row":"1","products_limit":5,"align_height":false,"collection_height":200,"collection_style":"smart_grid","big_item":"right","big_width":20,"width":"standard","show_gutter":true,"padding_top":20,"padding_bottom":40,"animation":"none","custom_css":"","image":"shopify:\/\/shop_images\/kids-sailship-pajamas.jpg","video":"","url":"","text":"","css_class":""}},"164496424449d5d4eb":{"type":"index__featured-product","blocks":{"16449642444783e870-0":{"type":"title","settings":{}},"16449642444783e870-1":{"type":"price","settings":{"display_savings":true}},"16449642444783e870-2":{"type":"description","disabled":true,"settings":{"custom_description":""}},"16449642444783e870-3":{"type":"form","settings":{"show_payment_button":true}},"16449642444783e870-4":{"type":"share","disabled":true,"settings":{}},"48b7759f-1a96-44c5-b172-65d5e20a0b13":{"type":"size-chart","settings":{"size_chart":""}}},"block_order":["16449642444783e870-0","16449642444783e870-1","16449642444783e870-2","16449642444783e870-3","16449642444783e870-4","48b7759f-1a96-44c5-b172-65d5e20a0b13"],"settings":{"featured_product":"watermelon-picnic-short-sleeve-stretch-jersey-boo-boo-pj-set","product_images_position":"left","set_product_height":false,"product_height":500,"video_looping":false,"gallery_arrows":true,"enable_zoom":true,"enable_product_lightbox":true,"slideshow_speed":0,"slideshow_transition":"slide","display_thumbnails":true,"thumbnail_position":"right-thumbnails","enable_thumbnail_slider":true,"width":"standard","padding_top":50,"padding_bottom":0,"animation":"none","section_width":1590,"css_class":"","custom_css":""}},"1647123674b8d5123b":{"type":"index__rich-text","settings":{"title":"CHILD’S PLAY","heading_font":"din_neuzeit_grotesk_n3","heading_color":"rgba(0,0,0,0)","heading_alignment":"center","heading_size":24,"text":"<p>We know nothing is too good for the most precious members of the family and hope we can be part of the memories you make as your family grows up. The pajamas we make for the family are fun, but our commitment to sustainability and safety is serious, so we use soft, organic cotton for our CPSIA certified pajamas.<\/p>","text_font":"din_neuzeit_grotesk_n3","text_color":"rgba(0,0,0,0)","text_alignment":"center","text_size":14,"columns":1,"button_label":"SHOP ALL","button_link":"shopify:\/\/collections\/childrens-pajamas","button_alignment":"center","button_style":"button--primary","background":"#ffffff","gradient":"#ffffff","gradient_rotation":180,"width":"wide","padding_top":20,"padding_bottom":0,"padding_left":0,"padding_right":0,"animation":"none","css_class":"","custom_css":""}},"1644964252e2e64c87":{"type":"index__featured-collection","blocks":{"8fe99f1e-4734-4071-9af6-ae73eb3640f4":{"type":"product","settings":{"product":"on-the-catwalk-short-sleeve-stretch-jersey-kids-pj-set","image":"shopify:\/\/shop_images\/BHK2623790_4967B_ON_THE_CATWALK_4035.jpg"}},"a8ff78b6-9fcf-45ab-ba85-96007cb30df4":{"type":"product","settings":{"product":"on-the-catwalk-short-sleeve-stretch-jersey-booboo-pj-set","image":"shopify:\/\/shop_images\/BHK2723792-BH2923790_4967B_ON_THE_CATWALK_5254.jpg"}},"12e80e11-00c9-4ed2-8619-94d2a66218cb":{"type":"product","settings":{"product":"funfetti-macarons-short-sleeve-jersey-booboo-pj-set","image":"shopify:\/\/shop_images\/BH2923790-BHK2723790_4968B_FUNFETI_MACARONS_3587.jpg"}},"97f4a3e8-3886-4e99-9ddb-4d2aca689130":{"type":"product","settings":{"product":"funfetti-macarons-short-sleeve-jersey-kids-pj-set","image":"shopify:\/\/shop_images\/BHK2623790_4968B_FUNFETI_MACARONS_1901.jpg"}}},"block_order":["8fe99f1e-4734-4071-9af6-ae73eb3640f4","a8ff78b6-9fcf-45ab-ba85-96007cb30df4","12e80e11-00c9-4ed2-8619-94d2a66218cb","97f4a3e8-3886-4e99-9ddb-4d2aca689130"],"settings":{"title":"","collection":"childrens-pajamas","products_per":4,"mobile_products_per_row":"1","products_limit":5,"align_height":false,"collection_height":200,"collection_style":"smart_grid","big_item":"left","big_width":20,"width":"standard","show_gutter":true,"padding_top":0,"padding_bottom":0,"animation":"none","custom_css":"","video":"https:\/\/cdn.shopify.com\/s\/files\/1\/0554\/2019\/0807\/files\/Cutesy-4-1350x2000.mp4?v=1649549342","url":"shopify:\/\/products\/on-the-catwalk-short-sleeve-stretch-jersey-kids-pj-set","text":"","css_class":""}},"1645981504b0857791":{"type":"index__featured-collection","blocks":{"1a78ebec-0214-457a-b94a-e044263973a6":{"type":"product","settings":{"product":"regatta-short-sleeve-stretch-jersey-boo-boo-pj-set","image":"shopify:\/\/shop_images\/BH2923792-BHK2723792_4972B_REGATTA_0719.jpg"}},"a32800cc-ad75-4dc0-9727-bb7143c8df96":{"type":"product","settings":{"product":"watermelon-picnic-short-sleeve-stretch-jersey-boo-boo-pj-set","image":"shopify:\/\/shop_images\/BHK2623794_4976B_WATERMELON_PICNIC_3811.jpg"}},"e54d413a-8f77-42a0-811e-e4b376fdae73":{"type":"product","settings":{"product":"regatta-short-sleeve-stretch-jersey-kids-pj-set","image":"shopify:\/\/shop_images\/BHK2623792_4972B_REGATTA_0402.jpg"}},"91569b8c-6eb0-4359-8226-2c73336a5d32":{"type":"product","settings":{"product":"snoopy-pool-float-short-sleeve-stretch-jersey-booboo-pj-set","image":"shopify:\/\/shop_images\/BH2923798PE-BHK2723798PE_4986B_SNOOPY_POOL_FLOAT_1170.jpg"}}},"block_order":["1a78ebec-0214-457a-b94a-e044263973a6","a32800cc-ad75-4dc0-9727-bb7143c8df96","e54d413a-8f77-42a0-811e-e4b376fdae73","91569b8c-6eb0-4359-8226-2c73336a5d32"],"settings":{"title":"SOME OF OUR LATEST STYLES","collection":"childrens-pajamas","products_per":4,"mobile_products_per_row":"1","products_limit":4,"align_height":false,"collection_height":200,"collection_style":"grid","big_item":"left","big_width":20,"width":"wide","show_gutter":true,"padding_top":20,"padding_bottom":20,"animation":"none","custom_css":"","video":"","url":"","text":"","css_class":""}}},"order":["banner","1648149367335c7bd0","main","16470249274961b22f","16449638557a4eca47","164496424449d5d4eb","1647123674b8d5123b","1644964252e2e64c87","1645981504b0857791"]}