{"sections":{"main":{"type":"page-content__main","settings":{"show_heading":true,"heading_alignment":"left","width":"standard","padding_top":40,"padding_bottom":40,"css_class":"","custom_css":""}},"1650087283aed10dcb":{"type":"index__contact-form","blocks":{"16500872835506dd98-0":{"type":"textfield","settings":{"label":"Store Name","required":true}},"3f0323e4-3ed9-4c98-b8ef-c73e02d93937":{"type":"textfield","settings":{"label":"Address","required":false}},"88de8a5e-004f-4826-85ad-db82c1ca0208":{"type":"textfield","settings":{"label":"Contact Name","required":false}},"3be57e6d-0b38-4774-909b-55ba1361cb8f":{"type":"textfield","settings":{"label":"City","required":false}},"16500872835506dd98-1":{"type":"email","settings":{"label":"Email"}},"c89a9373-0495-495c-9660-73b274461d35":{"type":"textfield","settings":{"label":"State","required":false}},"a34c0db2-b837-4889-a124-31cb8bd9c039":{"type":"textfield","settings":{"label":"Zipcode","required":false}},"46c64aab-94f0-4747-8ba2-2eb9607ce2bf":{"type":"textfield","settings":{"label":"Phone","required":false}}},"block_order":["16500872835506dd98-0","3f0323e4-3ed9-4c98-b8ef-c73e02d93937","88de8a5e-004f-4826-85ad-db82c1ca0208","3be57e6d-0b38-4774-909b-55ba1361cb8f","16500872835506dd98-1","c89a9373-0495-495c-9660-73b274461d35","a34c0db2-b837-4889-a124-31cb8bd9c039","46c64aab-94f0-4747-8ba2-2eb9607ce2bf"],"settings":{"title":"","content_text":"","social_enable":false,"text_alignment":"center","background":"#ffffff","text_color":"#000000","form_position":"left","width":"wide","padding_top":40,"padding_bottom":40,"animation":"none","css_class":"full_width_form","custom_css":""}}},"order":["main","1650087283aed10dcb"]}