{"sections":{"banner":{"type":"banner","disabled":true,"settings":{"image_darken":false,"subtitle":"","width":"wide","banner_height":"medium","padding_top":0,"padding_bottom":0,"css_class":"","custom_css":""}},"1646599254b3189e38":{"type":"index__image-with-text-overlay","disabled":true,"settings":{"link":"","video":"","pretext":"","title":"","subtitle":"","pretext_color":"#000000","heading_color":"#000000","subheading_color":"#000000","text_alignment":"center","text_horizontal_position":"center","text_vertical_position":"middle","background_color":"#ffffff","background_opacity":77,"border_color":"#ffffff","border_width":0,"text_width":40,"button_1":"","button_1_link":"","button_1_style":"button--secondary","button_2":"","button_2_link":"","button_2_style":"button--secondary","mobile_image_crop":"none","mobile_text_below_image":true,"pretext_color_mobile":"rgba(0,0,0,0)","heading_color_mobile":"rgba(0,0,0,0)","subheading_color_mobile":"rgba(0,0,0,0)","width":"wide","padding_top":0,"padding_bottom":0,"padding_left":0,"padding_right":0,"animation":"none","css_class":"","custom_css":""}},"1646597951893730d9":{"type":"index__rich-text","settings":{"title":"About Bedhead Pajamas","heading_font":"din_neuzeit_grotesk_n3","heading_color":"rgba(0,0,0,0)","heading_alignment":"center","heading_size":24,"text":"","text_font":"din_neuzeit_grotesk_n3","text_color":"rgba(0,0,0,0)","text_alignment":"left","text_size":14,"columns":2,"button_label":"","button_link":"","button_alignment":"center","button_style":"button--primary","background":"#ffffff","gradient":"#ffffff","gradient_rotation":180,"width":"standard","padding_top":20,"padding_bottom":0,"padding_left":0,"padding_right":0,"animation":"fadeInDown","css_class":"","custom_css":""}},"16496905899d38f8db":{"type":"index__image-with-text","blocks":{"16496905899556d956-2":{"type":"text","settings":{"title":"","heading_size":"regular","text":"<p>Founded in 1998 by Los Angeles-based designer Renee Claire, BedHead PJS are made from ultrasoft, organically grown cotton certified as meeting the Global Organic Textile Standard (GOTS) and with eco-friendly materials and trims. These are a testament to our commitment to a forward-looking, sustainable approach to craftmanship and quality to ensure your best night’s sleep. <\/p><p>We have over 50 one-of-a-kind prints available, which range from hand-drawn florals, stylish stripes to whimsical scenes, as well as collaborations with artists and iconic design houses all over the world. We draw inspiration from our West Coast surroundings to create prints that are universal, conversational, and most importantly, cheerful! <\/p><p>In addition to our dedication to lasting construction, timeless looks and the environment, we believe in inclusive sizing—ranging from 3 months to 3X. <\/p><p>The brand’s distinct aesthetic is often sought after as a perfect gift option.<\/p>","button_label":"","link":"","button_style":"button--primary","background":"rgba(0,0,0,0)","text_color":"rgba(0,0,0,0)","alignment":"left","vertical_position":"center"}},"16496905899556d956-1":{"type":"image","settings":{"image":"shopify:\/\/shop_images\/bedhead-pajamas-about-us-blue-floral.jpg","image_crop":"none","image_link":"shopify:\/\/products\/navy-shadow-blossom-long-sleeve-classic-stretch-jersey-pj-set-2020"}}},"block_order":["16496905899556d956-2","16496905899556d956-1"],"settings":{"width":"standard","show_gutter":true,"padding_top":20,"padding_bottom":20,"animation":"none","css_class":"","custom_css":""}},"main":{"type":"page-content__main","disabled":true,"settings":{"show_heading":false,"heading_alignment":"left","width":"wide","padding_top":40,"padding_bottom":40,"css_class":"","custom_css":""}},"16465987257615f002":{"type":"index__image-with-text-overlay","settings":{"link":"shopify:\/\/products\/blue-3d-stripe-long-sleeve-classic-woven-cotton-sateen-pj-set","image":"shopify:\/\/shop_images\/blue-stripe-pajama-party.jpg","mobile_image":"shopify:\/\/shop_images\/blue-stripe-pajama-party-mobile.jpg","video":"","pretext":"","title":"","subtitle":"","pretext_color":"#000000","heading_color":"#000000","subheading_color":"#000000","text_alignment":"center","text_horizontal_position":"center","text_vertical_position":"top","background_color":"#ffffff","background_opacity":0,"border_color":"#ffffff","border_width":0,"text_width":40,"button_1":"","button_1_link":"","button_1_style":"button--secondary","button_2":"","button_2_link":"","button_2_style":"button--secondary","mobile_image_crop":"none","mobile_text_below_image":true,"pretext_color_mobile":"rgba(0,0,0,0)","heading_color_mobile":"rgba(0,0,0,0)","subheading_color_mobile":"rgba(0,0,0,0)","width":"wide","padding_top":0,"padding_bottom":20,"padding_left":0,"padding_right":0,"animation":"none","css_class":"","custom_css":""}},"164856478623cdc9d5":{"type":"index__gallery","disabled":true,"blocks":{"1648564786a7b1e577-0":{"type":"image","settings":{"link":""}},"1648564786a7b1e577-1":{"type":"image","settings":{"link":""}}},"block_order":["1648564786a7b1e577-0","1648564786a7b1e577-1"],"settings":{"gallery_type":"classic","crop_images":false,"images_per_row":2,"enable_lightbox":true,"overlay_color":"#000000","link_color":"#ffffff","width":"standard","show_gutter":true,"padding_top":20,"padding_bottom":20,"animation":"none","css_class":"","custom_css":""}},"1646636786ecf8c911":{"type":"mult-image-text","disabled":true,"blocks":{"ae65741f-f81d-460e-b44b-ac2ae40d9f53":{"type":"item_image","settings":{"description":"<p><strong>Lorem Ipsum<\/strong>is simply dummy text  <\/p>","btn_txt":"","btn_url":"","width_img":35,"height":66,"color":"#ffffff","bg_color":"#afa899","hr_color":"#ffffff","hr_bg_color":"#000000","position":"right"}}},"block_order":["ae65741f-f81d-460e-b44b-ac2ae40d9f53"],"settings":{"video":"","width_img":86,"position":"left"}},"164659897191d87634":{"type":"index__image-with-text-overlay","disabled":true,"settings":{"link":"","video":"","pretext":"","title":"","subtitle":"","pretext_color":"#000000","heading_color":"#000000","subheading_color":"#000000","text_alignment":"center","text_horizontal_position":"center","text_vertical_position":"middle","background_color":"#ffffff","background_opacity":0,"border_color":"#ffffff","border_width":0,"text_width":40,"button_1":"","button_1_link":"","button_1_style":"button--secondary","button_2":"","button_2_link":"","button_2_style":"button--secondary","mobile_image_crop":"none","mobile_text_below_image":true,"pretext_color_mobile":"rgba(0,0,0,0)","heading_color_mobile":"rgba(0,0,0,0)","subheading_color_mobile":"rgba(0,0,0,0)","width":"wide","padding_top":0,"padding_bottom":0,"padding_left":0,"padding_right":0,"animation":"none","css_class":"","custom_css":""}},"1647534268d605024b":{"type":"index__rich-text","disabled":true,"settings":{"title":"BERMUDA EDITION","heading_font":"din_neuzeit_grotesk_n3","heading_color":"rgba(0,0,0,0)","heading_alignment":"center","heading_size":24,"text":"<p>Duis aute irure dolor in reprehenderit in voluptate velit esse cillum dolore eu fugiat nulla pariatur. Excepteur sint occaecat cupidatat non proident, sunt in culpa qui officia deserunt mollit anim id est laborum. xcepteur <\/p><p>sint occaecat cupidatat non proident, sunt in culpa qui officia deserunt mollit anim id est laborum.xcepteur sint occaecat cupidatat non proident, sunt in culpa qui officia deserunt mollit anim id est laborum.<\/p>","text_font":"din_neuzeit_grotesk_n3","text_color":"rgba(0,0,0,0)","text_alignment":"left","text_size":14,"columns":2,"button_label":"","button_link":"","button_alignment":"center","button_style":"button--primary","background":"rgba(0,0,0,0)","gradient":"rgba(0,0,0,0)","gradient_rotation":180,"width":"standard","padding_top":20,"padding_bottom":0,"padding_left":0,"padding_right":0,"animation":"fadeInDown","css_class":"","custom_css":""}},"16466367099b0e5548":{"type":"mult-image-text","disabled":true,"blocks":{"3b473dc5-8845-4e60-b3db-cf5d97253692":{"type":"item_image","settings":{"image":"shopify:\/\/shop_images\/berm6.jpg","description":"<p>Lorem Ipsum<strong> <\/strong>is simply dummy text of the printing and typesetting industry.<\/p>","btn_txt":"SHOP NOW","btn_url":"#","width_img":65,"height":50,"color":"#ffffff","bg_color":"#afa899","hr_color":"#ffffff","hr_bg_color":"#000000","position":"left"}}},"block_order":["3b473dc5-8845-4e60-b3db-cf5d97253692"],"settings":{"video":"","width_img":60,"position":"right"}}},"order":["banner","1646599254b3189e38","1646597951893730d9","16496905899d38f8db","main","16465987257615f002","164856478623cdc9d5","1646636786ecf8c911","164659897191d87634","1647534268d605024b","16466367099b0e5548"]}