{"sections":{"banner":{"type":"banner","disabled":true,"settings":{"image_darken":false,"subtitle":"","width":"wide","banner_height":"medium","padding_top":0,"padding_bottom":0,"css_class":"","custom_css":""}},"1648149367335c7bd0":{"type":"index__image-with-text-overlay","settings":{"link":"shopify:\/\/products\/pink-3d-stripe-long-sleeve-classic-woven-cotton-sateen-pj-set","image":"shopify:\/\/shop_images\/Screenshot_2022-06-21_at_6.20.32_PM_4979138e-ed42-43e3-8864-a222297cad59.png","video":"https:\/\/cdn.shopify.com\/s\/files\/1\/0554\/2019\/0807\/files\/Women_s_Header_Website_05_-_1800_x_800.mp4?v=1649197805","pretext":"","title":"","subtitle":"","pretext_color":"#000000","heading_color":"#000000","subheading_color":"#000000","text_alignment":"center","text_horizontal_position":"center","text_vertical_position":"middle","background_color":"#ffffff","background_opacity":77,"border_color":"#ffffff","border_width":0,"text_width":40,"button_1":"","button_1_link":"","button_1_style":"button--secondary","button_2":"","button_2_link":"","button_2_style":"button--secondary","mobile_image_crop":"none","mobile_text_below_image":true,"pretext_color_mobile":"rgba(0,0,0,0)","heading_color_mobile":"rgba(0,0,0,0)","subheading_color_mobile":"rgba(0,0,0,0)","width":"wide","padding_top":0,"padding_bottom":0,"padding_left":0,"padding_right":0,"animation":"none","css_class":"","custom_css":""}},"164960868634d2e4b1":{"type":"index__rich-text","settings":{"title":"3D STRIPE COLLECTION","heading_font":"din_neuzeit_grotesk_n3","heading_color":"#808080","heading_alignment":"center","heading_size":24,"text":"<p>Available in three pastel hues, our 3D stripe collection is covered in a cool interpretation of the classic stripe—it has the look of seersucker but is smooth to the touch.<\/p>","text_font":"din_neuzeit_grotesk_n3","text_color":"#808080","text_alignment":"center","text_size":14,"columns":1,"button_label":"SHOP 3D COLLECTION","button_link":"shopify:\/\/collections\/3d-stripe-1","button_alignment":"center","button_style":"button--primary","background":"rgba(0,0,0,0)","gradient":"rgba(0,0,0,0)","gradient_rotation":180,"width":"wide","padding_top":20,"padding_bottom":0,"padding_left":0,"padding_right":0,"animation":"none","css_class":"","custom_css":""}},"1645981504b0857791":{"type":"index__featured-collection","blocks":{"053daf0f-d756-4238-89f9-40f06bb029ab":{"type":"product","settings":{"product":"pink-3d-stripe-sleep-mask","image":"shopify:\/\/shop_images\/4_BH2421300_043B_PINK-3D-STRIPE_0068-lo.jpg"}},"fc27f645-b189-4f1c-b456-5e0b3caac730":{"type":"product","settings":{"product":"white-3d-stripe-short-sleeve-classic-shorty-woven-cotton-sateen-pj-set","image":"shopify:\/\/shop_images\/14_BH2421300_996B_WHITE-3D-STRIPE_0011-lo.jpg"}},"10c25232-3dc5-43c5-ba63-0838c057128e":{"type":"product","settings":{"product":"white-3d-stripe-long-sleeve-classic-woven-cotton-sateen-pj-set","image":"shopify:\/\/shop_images\/13_BH2921300_996B_WHITE-3D-STRIPE_0042-lo.jpg"}},"53da071e-9d7b-4e2e-8baf-e946d440deea":{"type":"product","settings":{"product":"pink-3d-stripe-turkish-french-terry-robe","image":"shopify:\/\/shop_images\/5_BH3221300_043B_PINK-3D-STRIPE_0004-lo.jpg"}}},"block_order":["053daf0f-d756-4238-89f9-40f06bb029ab","fc27f645-b189-4f1c-b456-5e0b3caac730","10c25232-3dc5-43c5-ba63-0838c057128e","53da071e-9d7b-4e2e-8baf-e946d440deea"],"settings":{"title":"","collection":"women","products_per":4,"mobile_products_per_row":"1","products_limit":5,"align_height":false,"collection_height":200,"collection_style":"smart_grid","big_item":"right","big_width":20,"width":"standard","show_gutter":true,"padding_top":20,"padding_bottom":20,"animation":"none","custom_css":"","image":"shopify:\/\/shop_images\/3_BH2921300_043B_PINK-3D-STRIPE_0044-lo.jpg","video":"","url":"shopify:\/\/products\/pink-3d-stripe-long-sleeve-classic-woven-cotton-sateen-pj-set","text":"","css_class":""}},"main":{"type":"page-content__main","disabled":true,"settings":{"show_heading":false,"heading_alignment":"left","width":"standard","padding_top":40,"padding_bottom":40,"css_class":"","custom_css":""}},"1645710593858f95c6":{"type":"index__heading","disabled":true,"settings":{"preheading":"","title":"CANDY STRIPES","subheading":"","preheading_color":"rgba(0,0,0,0)","heading_color":"rgba(0,0,0,0)","subheading_color":"rgba(0,0,0,0)","background":"rgba(0,0,0,0)","gradient":"rgba(0,0,0,0)","gradient_rotation":0,"heading_alignment":"center","vertical_spacing":"medium","width":"standard","padding_top":20,"padding_bottom":20,"padding_left":0,"padding_right":0,"animation":"none","css_class":"","custom_css":""}},"16449638557a4eca47":{"type":"index__featured-collection","disabled":true,"settings":{"title":"","collection":"women-top-2022","products_per":4,"mobile_products_per_row":"1","products_limit":5,"align_height":false,"collection_height":200,"collection_style":"smart_grid","big_item":"right","big_width":20,"width":"standard","show_gutter":true,"padding_top":20,"padding_bottom":40,"animation":"none","custom_css":"","image":"shopify:\/\/shop_images\/dock.jpg","video":"","url":"","text":"","css_class":""}},"164496424449d5d4eb":{"type":"index__featured-product","blocks":{"16449642444783e870-0":{"type":"title","settings":{}},"16449642444783e870-1":{"type":"price","settings":{"display_savings":true}},"16449642444783e870-2":{"type":"description","disabled":true,"settings":{"custom_description":""}},"16449642444783e870-3":{"type":"form","settings":{"show_payment_button":true}},"16449642444783e870-4":{"type":"share","disabled":true,"settings":{}},"48b7759f-1a96-44c5-b172-65d5e20a0b13":{"type":"size-chart","settings":{"size_chart":""}}},"block_order":["16449642444783e870-0","16449642444783e870-1","16449642444783e870-2","16449642444783e870-3","16449642444783e870-4","48b7759f-1a96-44c5-b172-65d5e20a0b13"],"settings":{"featured_product":"blue-3d-stripe-long-sleeve-classic-woven-cotton-sateen-pj-set","product_images_position":"left","set_product_height":false,"product_height":400,"video_looping":false,"gallery_arrows":true,"enable_zoom":true,"enable_product_lightbox":false,"slideshow_speed":0,"slideshow_transition":"slide","display_thumbnails":true,"thumbnail_position":"right-thumbnails","enable_thumbnail_slider":true,"width":"standard","padding_top":50,"padding_bottom":0,"animation":"none","section_width":1590,"css_class":"","custom_css":""}},"1647123674b8d5123b":{"type":"index__rich-text","settings":{"title":"3D STRIPE COLLECTION","heading_font":"din_neuzeit_grotesk_n3","heading_color":"rgba(0,0,0,0)","heading_alignment":"center","heading_size":24,"text":"<p>Our bestselling 3D stripe is available in pajamas, shortie sets, robes, slippers and sleep masks. Choose from blue, pink or white on white. <\/p>","text_font":"din_neuzeit_grotesk_n3","text_color":"rgba(0,0,0,0)","text_alignment":"center","text_size":14,"columns":1,"button_label":"SHOP ALL","button_link":"shopify:\/\/collections\/3d-stripe-1","button_alignment":"center","button_style":"button--primary","background":"#ffffff","gradient":"#ffffff","gradient_rotation":180,"width":"wide","padding_top":20,"padding_bottom":0,"padding_left":0,"padding_right":0,"animation":"none","css_class":"","custom_css":""}},"1644964252e2e64c87":{"type":"index__featured-collection","blocks":{"938e5b70-ada1-456e-a4e3-a9aab12f8781":{"type":"product","settings":{"product":"blue-3d-stripe-turkish-french-terry-robe","image":"shopify:\/\/shop_images\/1_-6-lo.jpg"}},"477904e4-8dc6-450c-bde8-fe518c0172a7":{"type":"product","settings":{"product":"white-3d-stripe-short-sleeve-classic-shorty-woven-cotton-sateen-pj-set","image":"shopify:\/\/shop_images\/14_BH2421300_996B_WHITE-3D-STRIPE_0033-lo.jpg"}},"8dde6a9c-2c38-42ea-8062-fe8f398269ce":{"type":"product","settings":{"product":"white-3d-stripe-turkish-french-terry-robe","image":"shopify:\/\/shop_images\/15_BH3221300_996B_WHITE-3D-STRIPE_0048-lo.jpg"}},"9ee53236-d534-4264-9cf6-9a3dd2b5dae6":{"type":"product","settings":{"product":"blue-3d-stripe-sleep-mask","image":"shopify:\/\/shop_images\/8_BH2921300_044B_BLUE-3D-STRIPE_0065-lo.jpg"}}},"block_order":["938e5b70-ada1-456e-a4e3-a9aab12f8781","477904e4-8dc6-450c-bde8-fe518c0172a7","8dde6a9c-2c38-42ea-8062-fe8f398269ce","9ee53236-d534-4264-9cf6-9a3dd2b5dae6"],"settings":{"title":"","collection":"women","products_per":4,"mobile_products_per_row":"1","products_limit":5,"align_height":false,"collection_height":200,"collection_style":"smart_grid","big_item":"left","big_width":20,"width":"standard","show_gutter":true,"padding_top":0,"padding_bottom":0,"animation":"none","custom_css":"","image":"shopify:\/\/shop_images\/36_-94-lo.jpg","video":"","url":"shopify:\/\/products\/blue-3d-stripe-short-sleeve-classic-shorty-woven-cotton-sateen-pj-set","text":"","css_class":""}},"164960925486ffc22c":{"type":"index__featured-collection","blocks":{"e657ed53-2104-44c0-af7d-a09fa49a52ba":{"type":"product","settings":{"product":"breezy-palm-short-sleeve-classic-jersey-cropped-pj-set","image":"shopify:\/\/shop_images\/Fern-image.jpg"}},"884e7e49-7e21-454d-9618-5d0343fe22c9":{"type":"product","settings":{"product":"seashells-tank-cropped-woven-pj-set","image":"shopify:\/\/shop_images\/BH0523793_6767.jpg"}},"0e6339e0-7078-4859-9f4e-a8a5a33e5959":{"type":"product","settings":{"product":"breezy-palm-long-sleeve-classic-stretch-jersey-pj-set","image":"shopify:\/\/shop_images\/32_BH2923796_4982B_BREEZY-PALM_0067.jpg"}},"d5452e1a-90dc-4ed5-8695-8066bea61faa":{"type":"product","settings":{"product":"blue-stripe-turkish-terry-robe","image":"shopify:\/\/shop_images\/85_BH3523803_4993B_TURKISHTERRYROBE_0010-a.jpg"}}},"block_order":["e657ed53-2104-44c0-af7d-a09fa49a52ba","884e7e49-7e21-454d-9618-5d0343fe22c9","0e6339e0-7078-4859-9f4e-a8a5a33e5959","d5452e1a-90dc-4ed5-8695-8066bea61faa"],"settings":{"title":"SOME OF OUR LATEST STYLES","collection":"women","products_per":4,"mobile_products_per_row":"1","products_limit":4,"align_height":false,"collection_height":200,"collection_style":"grid","big_item":"left","big_width":20,"width":"wide","show_gutter":true,"padding_top":20,"padding_bottom":20,"animation":"none","custom_css":"","video":"","url":"","text":"","css_class":""}}},"order":["banner","1648149367335c7bd0","164960868634d2e4b1","1645981504b0857791","main","1645710593858f95c6","16449638557a4eca47","164496424449d5d4eb","1647123674b8d5123b","1644964252e2e64c87","164960925486ffc22c"]}