{"sections":{"banner":{"type":"banner","disabled":true,"settings":{"image_darken":false,"subtitle":"","width":"wide","banner_height":"medium","padding_top":0,"padding_bottom":0,"css_class":"","custom_css":""}},"1646599254b3189e38":{"type":"index__image-with-text-overlay","disabled":true,"settings":{"link":"shopify:\/\/products\/seashells-long-sleeve-classic-woven-cotton-sateen-pj-set","video":"","pretext":"","title":"","subtitle":"","pretext_color":"#000000","heading_color":"#000000","subheading_color":"#000000","text_alignment":"center","text_horizontal_position":"center","text_vertical_position":"bottom","background_color":"#d5ccba","background_opacity":0,"border_color":"#ffffff","border_width":0,"text_width":40,"button_1":"","button_1_link":"","button_1_style":"button--secondary","button_2":"","button_2_link":"","button_2_style":"button--secondary","mobile_image_crop":"none","mobile_text_below_image":true,"pretext_color_mobile":"rgba(0,0,0,0)","heading_color_mobile":"rgba(0,0,0,0)","subheading_color_mobile":"rgba(0,0,0,0)","btn_bg":"","btn_font":"","width":"wide","padding_top":0,"padding_bottom":0,"padding_left":0,"padding_right":0,"animation":"none","css_class":"","custom_css":""}},"16591690242db26f7c":{"type":"inner-big-small-imge","settings":{"bg_image":"shopify:\/\/shop_images\/Artboard_23_copy_3-100_2.webp","mobile_bg_image":"shopify:\/\/shop_images\/EILEENWEST_Backgrounds-03_Horiz.jpg","big_url":"","big_img":"shopify:\/\/shop_images\/EileenWest_Feb22_Editorial_0552-Small-lo.jpg","text":"<br><br>ABOUT<br> US","btn_txt":"","btn_url":"","button_1_style":"button--secondary","small_text":"","price":"","url":"","product_img":"shopify:\/\/shop_images\/EileenWest_Feb22_Editorial_0493a-lo.jpg","shop_url":""}},"1646597951893730d9":{"type":"index__rich-text","settings":{"title":"About Eileen West","heading_font":"sans-serif","heading_color":"rgba(0,0,0,0)","heading_alignment":"center","heading_size":46,"text":"<p>Founded in San Francisco more than 40 years ago, the Eileen West brand is known for feminine sleepwear, timeless silhouettes, fine craftmanship and luxurious comfort.  Our heritage nightgowns, robes and pajamas are crafted from the finest fabrics including 100% Cotton Lawn, Woven Swiss Dot Textures, Chambray Yarn Dyes, Fine Brushed Flannels, and the softest Cotton and Tencel™ Rayon Knits. <\/p><p>Always inspired by the beauty of nature, we draw our inspiration from the breathtaking landscapes of California: the spectacular coastline; wildflower fields of Sonoma; and the wavering light over San Francisco Bay in all of our designs. Our treasured gowns and button front robe sets are well-known for their Eileen West signature watercolor floral prints thoughtfully created for each month of the year. Heirloom quality laces and delicate floral embroideries are among the exquisite details that have become hallmarks of our romantic designs.  <\/p><p>Over the years, Eileen West has become a brand of family tradition, passing down from old to new generations of today.  The brand has seen a rediscovery with new customers who appreciate the versatility and quality of the Eileen West nightgown.  It is reasons such as this, that our iconic “Eileen” style in our seasonless white cotton lawn, has been a best seller for decades.  With a wide range of silhouettes and extended size offerings we create exceptionally made, beautiful sleepwear for all women who appreciate timeless, effortless beauty. <\/p>","text_font":"serif","text_color":"rgba(0,0,0,0)","text_alignment":"left","text_size":16,"columns":2,"button_label":"","button_link":"","button_alignment":"center","button_style":"button--link-style","background":"#ffffff","gradient":"#ffffff","gradient_rotation":180,"width":"standard","padding_top":20,"padding_bottom":0,"padding_left":0,"padding_right":0,"animation":"fadeInDown","css_class":"","custom_css":""}},"16580101543af2af35":{"type":"index__image-with-text","blocks":{"16580101549aeae3a3-0":{"type":"image","settings":{"image":"shopify:\/\/shop_images\/000906540003-copy-lo.jpg","image_crop":"none","image_link":"","title":"","button_link":"","button_1_style":"button--link-style","font_color":"#e73737","font_size":22,"font_style":"center","regular__font":"open_sans_n4"}},"16580101549aeae3a3-1":{"type":"image","settings":{"image":"shopify:\/\/shop_images\/000906550037-lo-about.jpg","image_crop":"none","image_link":"","title":"","button_link":"","button_1_style":"button--link-style","font_color":"#454545","font_size":16,"font_style":"center","regular__font":"open_sans_n4"}},"1f1c0561-04d6-4add-a8ef-9904bf90ad06":{"type":"image","settings":{"image":"shopify:\/\/shop_images\/220616_EILEENWEST_BELAIR_L1_367-lo-About.jpg","image_crop":"none","image_link":"","title":"","button_link":"","button_1_style":"button--link-style","font_color":"#8ca8b4","font_size":20,"font_style":"center","regular__font":"open_sans_n4"}}},"block_order":["16580101549aeae3a3-0","16580101549aeae3a3-1","1f1c0561-04d6-4add-a8ef-9904bf90ad06"],"settings":{"width":"standard","show_gutter":true,"padding_top":20,"padding_bottom":20,"animation":"none","css_class":"","custom_css":""}},"1651837575480fdae4":{"type":"index__rich-text","settings":{"title":"Queen Anne’s Lace","heading_font":"archivo_narrow_n4","heading_color":"rgba(0,0,0,0)","heading_alignment":"center","heading_size":36,"text":"<p>Since 1978, Queen Anne’s Lace- Eileen West Couture represents the ultimate expression of luxury in sleepwear. <\/p><p>Designed in all natural fabrics such as our fine 100% cotton batiste, the Queen Anne’s Lace line of sleepwear has a romantic, ethereal quality about it. The look is defined by classic soft color hues embellished with intricate design details with elaborate vintage laces, full sweeps and delicate pintucks. For the true Romantic at heart, our exclusive nightgown and robe collection is a dream come true.<\/p>","text_font":"serif","text_color":"rgba(0,0,0,0)","text_alignment":"left","text_size":16,"columns":2,"button_label":"","button_link":"","button_alignment":"center","button_style":"button--link-style","background":"rgba(0,0,0,0)","gradient":"rgba(0,0,0,0)","gradient_rotation":180,"width":"wide","padding_top":25,"padding_bottom":26,"padding_left":0,"padding_right":0,"animation":"none","css_class":"","custom_css":""}},"1647532466b47e03d3":{"type":"mult-image-text","disabled":true,"blocks":{"f1e7fe94-038f-4f9d-a71a-9a56caeb196e":{"type":"item_image","settings":{"description":"","btn_txt":"","btn_url":"","width_img":100,"height":100,"color":"#ffffff","bg_color":"#d5ccba","hr_color":"#ffffff","hr_bg_color":"#afa899","position":"left"}}},"block_order":["f1e7fe94-038f-4f9d-a71a-9a56caeb196e"],"settings":{"video":"","width_img":50,"position":"left"}},"164856478623cdc9d5":{"type":"index__gallery","disabled":true,"blocks":{"1648564786a7b1e577-0":{"type":"image","settings":{"link":"shopify:\/\/products\/mon-amour-mens-long-sleeve-and-jogger-stretch-jersey-pj-set","text":"Timeless silhouettes","font_color":"#303030","font_size":27,"font_style":"left","regular__font":"open_sans_n4"}}},"block_order":["1648564786a7b1e577-0"],"settings":{"gallery_type":"classic","crop_images":false,"images_per_row":2,"enable_lightbox":false,"overlay_color":"rgba(0,0,0,0)","link_color":"#ffffff","width":"standard","show_gutter":true,"padding_top":20,"padding_bottom":40,"animation":"none","mobile_border":false,"css_class":"remove_overlaly","custom_css":""}},"16465987257615f002":{"type":"index__image-with-text-overlay","disabled":true,"settings":{"link":"shopify:\/\/collections\/under-the-sea","image":"shopify:\/\/shop_images\/220616_EILEENWEST_BELAIR_L2_342VI.jpg","video":"","pretext":"","title":"","subtitle":"","pretext_color":"#000000","heading_color":"#000000","subheading_color":"#000000","text_alignment":"center","text_horizontal_position":"center","text_vertical_position":"top","background_color":"#ffffff","background_opacity":0,"border_color":"#ffffff","border_width":0,"text_width":40,"button_1":"","button_1_link":"","button_1_style":"button--secondary","button_2":"","button_2_link":"","button_2_style":"button--secondary","mobile_image_crop":"none","mobile_text_below_image":true,"pretext_color_mobile":"rgba(0,0,0,0)","heading_color_mobile":"rgba(0,0,0,0)","subheading_color_mobile":"rgba(0,0,0,0)","btn_bg":"","btn_font":"","width":"wide","padding_top":25,"padding_bottom":0,"padding_left":0,"padding_right":0,"animation":"none","css_class":"","custom_css":""}},"1646600451f723402f":{"type":"index__rich-text","disabled":true,"settings":{"title":"WHITE FLORALS","heading_font":"serif","heading_color":"rgba(0,0,0,0)","heading_alignment":"center","heading_size":36,"text":"<p>Duis aute irure dolor in reprehenderit in voluptate velit esse cillum dolore eu fugiat nulla pariatur. Excepteur sint occaecat cupidatat non proident, sunt in culpa qui officia deserunt mollit anim id est laborum. <\/p>","text_font":"serif","text_color":"rgba(0,0,0,0)","text_alignment":"center","text_size":14,"columns":1,"button_label":"SHOP NOW","button_link":"https:\/\/Google.com","button_alignment":"center","button_style":"button--link-style","background":"rgba(0,0,0,0)","gradient":"rgba(0,0,0,0)","gradient_rotation":180,"width":"standard","padding_top":20,"padding_bottom":0,"padding_left":0,"padding_right":0,"animation":"fadeInDown","css_class":"","custom_css":""}},"1658010930273c9914":{"type":"index__gallery","disabled":true,"blocks":{"1658010930965c4365-1":{"type":"image","settings":{"link":"","text":"","font_color":"","font_size":10,"font_style":"left","regular__font":"open_sans_n4"}},"1658010930965c4365-2":{"type":"image","settings":{"link":"","text":"","font_color":"","font_size":10,"font_style":"left","regular__font":"open_sans_n4"}}},"block_order":["1658010930965c4365-1","1658010930965c4365-2"],"settings":{"gallery_type":"classic","crop_images":false,"images_per_row":2,"enable_lightbox":false,"overlay_color":"rgba(0,0,0,0)","link_color":"#ffffff","width":"wide","show_gutter":false,"padding_top":20,"padding_bottom":20,"animation":"none","mobile_border":true,"css_class":"","custom_css":""}},"main":{"type":"page-content__main","disabled":true,"settings":{"show_heading":false,"heading_alignment":"left","width":"wide","padding_top":40,"padding_bottom":40,"css_class":"","custom_css":""}},"1646636786ecf8c911":{"type":"mult-image-text","disabled":true,"blocks":{"23cf197a-8d20-4450-bdef-02ef0794f6db":{"type":"item_image","settings":{"description":"<p><strong>Lorem Ipsum<\/strong>is simply dummy text<\/p>","btn_txt":"SHOP NOW","btn_url":"","width_img":35,"height":66,"color":"#ffffff","bg_color":"#d5ccba","hr_color":"#ffffff","hr_bg_color":"#afa899","position":"left"}},"ae65741f-f81d-460e-b44b-ac2ae40d9f53":{"type":"item_image","settings":{"description":"<p><strong>Lorem Ipsum<\/strong>is simply dummy text  <\/p>","btn_txt":"","btn_url":"","width_img":35,"height":66,"color":"#ffffff","bg_color":"#afa899","hr_color":"#ffffff","hr_bg_color":"#000000","position":"right"}}},"block_order":["23cf197a-8d20-4450-bdef-02ef0794f6db","ae65741f-f81d-460e-b44b-ac2ae40d9f53"],"settings":{"right_image":"shopify:\/\/shop_images\/220616_EILEENWEST_BELAIR_L2_342VI.jpg","video":"","width_img":67,"position":"left"}},"164659897191d87634":{"type":"index__image-with-text-overlay","disabled":true,"settings":{"link":"shopify:\/\/products\/white-3d-stripe-long-sleeve-classic-woven-cotton-sateen-pj-set","video":"","pretext":"","title":"Here is the text for the headline","subtitle":"","pretext_color":"#000000","heading_color":"#000000","subheading_color":"#000000","text_alignment":"center","text_horizontal_position":"center","text_vertical_position":"bottom","background_color":"#ffffff","background_opacity":0,"border_color":"#ffffff","border_width":0,"text_width":40,"button_1":"","button_1_link":"","button_1_style":"button--secondary","button_2":"","button_2_link":"","button_2_style":"button--secondary","mobile_image_crop":"none","mobile_text_below_image":true,"pretext_color_mobile":"rgba(0,0,0,0)","heading_color_mobile":"rgba(0,0,0,0)","subheading_color_mobile":"rgba(0,0,0,0)","btn_bg":"","btn_font":"","width":"wide","padding_top":0,"padding_bottom":0,"padding_left":0,"padding_right":0,"animation":"none","css_class":"","custom_css":""}},"1647534268d605024b":{"type":"index__rich-text","disabled":true,"settings":{"title":"","heading_font":"din_neuzeit_grotesk_n3","heading_color":"rgba(0,0,0,0)","heading_alignment":"center","heading_size":24,"text":"<p>Explore Greek-inspired Key prints and rich feminine florals designed to mix and match to create your perfect spring lounge wardrobe.  <\/p>","text_font":"din_neuzeit_grotesk_n3","text_color":"rgba(0,0,0,0)","text_alignment":"center","text_size":14,"columns":1,"button_label":"SHOP ALL","button_link":"shopify:\/\/collections\/women","button_alignment":"center","button_style":"button--primary","background":"rgba(0,0,0,0)","gradient":"rgba(0,0,0,0)","gradient_rotation":180,"width":"standard","padding_top":20,"padding_bottom":0,"padding_left":0,"padding_right":0,"animation":"fadeInDown","css_class":"","custom_css":""}},"16466367099b0e5548":{"type":"mult-image-text","disabled":true,"blocks":{"3b473dc5-8845-4e60-b3db-cf5d97253692":{"type":"item_image","settings":{"description":"<p>Look cool and polished from bed to the beach.<\/p>","btn_txt":"SHOP TODAY","btn_url":"shopify:\/\/products\/liberty-fabrics-elysian-day-short-sleeve-classic-shorty-woven-tana-lawn-pj-set","width_img":65,"height":50,"color":"#ffffff","bg_color":"#afa899","hr_color":"#ffffff","hr_bg_color":"#000000","position":"left"}}},"block_order":["3b473dc5-8845-4e60-b3db-cf5d97253692"],"settings":{"video":"","width_img":60,"position":"right"}}},"order":["banner","1646599254b3189e38","16591690242db26f7c","1646597951893730d9","16580101543af2af35","1651837575480fdae4","1647532466b47e03d3","164856478623cdc9d5","16465987257615f002","1646600451f723402f","1658010930273c9914","main","1646636786ecf8c911","164659897191d87634","1647534268d605024b","16466367099b0e5548"]}