{"sections":{"banner":{"type":"banner","disabled":true,"settings":{"image":"shopify:\/\/shop_images\/Artboard-23-copy-2-2_02.jpg","image_darken":false,"subtitle":"","width":"wide","banner_height":"medium","padding_top":0,"padding_bottom":0,"css_class":"","custom_css":""}},"1660329036c50235c3":{"type":"inner-big-small-imge","disabled":true,"settings":{"big_url":"","text":"","btn_txt":"","btn_url":"","button_1_style":"button--secondary","small_text":"product title","price":"","url":"","shop_url":""}},"1646599254b3189e38":{"type":"index__image-with-text-overlay","disabled":true,"settings":{"link":"shopify:\/\/products\/seashells-long-sleeve-classic-woven-cotton-sateen-pj-set","image":"shopify:\/\/shop_images\/Artboard_23_copy-101.jpg","video":"","pretext":"","title":"","subtitle":"","pretext_color":"#000000","heading_color":"#000000","subheading_color":"#000000","text_alignment":"center","text_horizontal_position":"center","text_vertical_position":"bottom","background_color":"#d5ccba","background_opacity":0,"border_color":"#ffffff","border_width":0,"text_width":40,"button_1":"","button_1_link":"","button_1_style":"button--secondary","button_2":"","button_2_link":"","button_2_style":"button--secondary","mobile_image_crop":"none","mobile_text_below_image":true,"pretext_color_mobile":"rgba(0,0,0,0)","heading_color_mobile":"rgba(0,0,0,0)","subheading_color_mobile":"rgba(0,0,0,0)","btn_bg":"","btn_font":"","width":"wide","padding_top":0,"padding_bottom":0,"padding_left":0,"padding_right":0,"animation":"none","css_class":"","custom_css":""}},"166032911494da3e86":{"type":"index__image-with-text-overlay","settings":{"link":"","image":"shopify:\/\/shop_images\/QAL1.jpg","video":"","pretext":"","title":"","subtitle":"","pretext_color":"#000000","heading_color":"#ffffff","subheading_color":"#000000","text_alignment":"center","text_horizontal_position":"left","text_vertical_position":"middle","background_color":"#ffffff","background_opacity":0,"border_color":"#ffffff","border_width":0,"text_width":40,"button_1":"","button_1_link":"","button_1_style":"button--secondary","button_2":"","button_2_link":"","button_2_style":"button--secondary","mobile_image_crop":"none","mobile_text_below_image":true,"pretext_color_mobile":"rgba(0,0,0,0)","heading_color_mobile":"rgba(0,0,0,0)","subheading_color_mobile":"rgba(0,0,0,0)","btn_bg":"","btn_font":"","width":"wide","padding_top":0,"padding_bottom":0,"padding_left":0,"padding_right":0,"animation":"none","css_class":"","custom_css":""}},"1646597951893730d9":{"type":"index__rich-text","settings":{"title":"QUEEN ANNE'S LACE","heading_font":"sans-serif","heading_color":"rgba(0,0,0,0)","heading_alignment":"center","heading_size":46,"text":"<p>Nam incidunt quia a odit quos ut sunt ipsum aut deserunt corrupti! Qui consequatur repellat non voluptate earum aut omnis illum ad quibusdam exercitationem sed veritatis dicta.<\/p>","text_font":"din_neuzeit_grotesk_n3","text_color":"rgba(0,0,0,0)","text_alignment":"center","text_size":14,"columns":1,"button_label":"SHOP ALL","button_link":"shopify:\/\/collections\/the-bermuda-edition","button_alignment":"center","button_style":"button--secondary","background":"#ffffff","gradient":"#ffffff","gradient_rotation":180,"width":"standard","padding_top":20,"padding_bottom":0,"padding_left":0,"padding_right":0,"animation":"fadeInDown","css_class":"","custom_css":""}},"16591690242db26f7c":{"type":"inner-big-small-imge","settings":{"bg_image":"shopify:\/\/shop_images\/EILEENWEST_Backgrounds-03.jpg","mobile_bg_image":"shopify:\/\/shop_images\/EILEENWEST_Backgrounds-03_Horiz.jpg","big_url":"","big_img":"shopify:\/\/shop_images\/Artboard_23_copy-102.jpg","text":"Black Lace","btn_txt":"SHOP","btn_url":"https:\/\/www.go","button_1_style":"button--secondary","small_text":"NightGown & Robe","price":"98","url":"shopify:\/\/products\/the-julia-cotton-nightgown","product_img":"shopify:\/\/shop_images\/Artboard_23_copy-103.jpg","shop_url":"shopify:\/\/pages\/look-book"}},"164856478623cdc9d5":{"type":"index__gallery","disabled":true,"blocks":{"1648564786a7b1e577-0":{"type":"image","settings":{"image":"shopify:\/\/shop_images\/220616_EILEENWEST_BELAIR_L15_051-Crop-2.jpg","link":"shopify:\/\/products\/mon-amour-mens-long-sleeve-and-jogger-stretch-jersey-pj-set","text":""}},"1648564786a7b1e577-1":{"type":"image","settings":{"image":"shopify:\/\/shop_images\/220616_EILEENWEST_BELAIR_L15_210-Crop-2.jpg","link":"shopify:\/\/products\/blue-3d-stripe-long-sleeve-classic-woven-cotton-sateen-pj-set","text":""}}},"block_order":["1648564786a7b1e577-0","1648564786a7b1e577-1"],"settings":{"gallery_type":"classic","crop_images":false,"images_per_row":2,"enable_lightbox":false,"overlay_color":"rgba(0,0,0,0)","link_color":"#ffffff","width":"standard","show_gutter":true,"padding_top":20,"padding_bottom":40,"animation":"none","mobile_border":false,"css_class":"remove_overlaly","custom_css":""}},"16465987257615f002":{"type":"index__image-with-text-overlay","disabled":true,"settings":{"link":"shopify:\/\/collections\/under-the-sea","image":"shopify:\/\/shop_images\/220616_EILEENWEST_BELAIR_L2_342VI.jpg","video":"","pretext":"","title":"","subtitle":"","pretext_color":"#000000","heading_color":"#000000","subheading_color":"#000000","text_alignment":"center","text_horizontal_position":"center","text_vertical_position":"top","background_color":"#ffffff","background_opacity":0,"border_color":"#ffffff","border_width":0,"text_width":40,"button_1":"","button_1_link":"","button_1_style":"button--secondary","button_2":"","button_2_link":"","button_2_style":"button--secondary","mobile_image_crop":"none","mobile_text_below_image":true,"pretext_color_mobile":"rgba(0,0,0,0)","heading_color_mobile":"rgba(0,0,0,0)","subheading_color_mobile":"rgba(0,0,0,0)","btn_bg":"","btn_font":"","width":"wide","padding_top":25,"padding_bottom":0,"padding_left":0,"padding_right":0,"animation":"none","css_class":"","custom_css":""}},"1646600451f723402f":{"type":"index__rich-text","disabled":true,"settings":{"title":"WHITE FLORALS","heading_font":"serif","heading_color":"rgba(0,0,0,0)","heading_alignment":"center","heading_size":36,"text":"<p>Duis aute irure dolor in reprehenderit in voluptate velit esse cillum dolore eu fugiat nulla pariatur. Excepteur sint occaecat cupidatat non proident, sunt in culpa qui officia deserunt mollit anim id est laborum. <\/p>","text_font":"lato_n4","text_color":"rgba(0,0,0,0)","text_alignment":"left","text_size":16,"columns":1,"button_label":"","button_link":"","button_alignment":"center","button_style":"button--primary","background":"rgba(0,0,0,0)","gradient":"rgba(0,0,0,0)","gradient_rotation":180,"width":"standard","padding_top":20,"padding_bottom":0,"padding_left":0,"padding_right":0,"animation":"fadeInDown","css_class":"","custom_css":""}},"16580101543af2af35":{"type":"index__image-with-text","disabled":true,"blocks":{"16580101549aeae3a3-0":{"type":"image","settings":{"image":"shopify:\/\/shop_images\/220616_EILEENWEST_BELAIR_L9_208-1.jpg","image_crop":"none","image_link":"https:\/\/google.com","title":"Text goes here"}},"16580101549aeae3a3-1":{"type":"image","settings":{"image":"shopify:\/\/shop_images\/220615_EILEENWEST_BELAIR_L11_117-2.jpg","image_crop":"none","image_link":"","title":"Heading text here"}},"1f1c0561-04d6-4add-a8ef-9904bf90ad06":{"type":"image","settings":{"image":"shopify:\/\/shop_images\/220616_EILEENWEST_BELAIR_L4_054-3.jpg","image_crop":"none","image_link":"","title":"Heading text here"}}},"block_order":["16580101549aeae3a3-0","16580101549aeae3a3-1","1f1c0561-04d6-4add-a8ef-9904bf90ad06"],"settings":{"width":"standard","show_gutter":true,"padding_top":20,"padding_bottom":20,"animation":"none","css_class":"","custom_css":""}},"166032851571746cc6":{"type":"index__featured-collection","settings":{"title":"","collection":"sc-queen-annes-lace-gowns","products_per":5,"mobile_products_per_row":"2","products_limit":17,"align_height":false,"collection_height":200,"collection_style":"grid","big_item":"left","big_width":20,"width":"wide","show_gutter":true,"padding_top":20,"padding_bottom":20,"animation":"none","custom_css":"","video":"","url":"","text":"","css_class":""}},"1658010930273c9914":{"type":"index__gallery","disabled":true,"blocks":{"1658010930965c4365-1":{"type":"image","settings":{"image":"shopify:\/\/shop_images\/220616_EILEENWEST_BELAIR_L13_224-LEFT.jpg","link":"","text":""}},"1658010930965c4365-2":{"type":"image","settings":{"image":"shopify:\/\/shop_images\/Artboard-23-copy-106A.jpg","link":"","text":""}}},"block_order":["1658010930965c4365-1","1658010930965c4365-2"],"settings":{"gallery_type":"classic","crop_images":false,"images_per_row":2,"enable_lightbox":false,"overlay_color":"rgba(0,0,0,0)","link_color":"#ffffff","width":"wide","show_gutter":false,"padding_top":20,"padding_bottom":20,"animation":"none","mobile_border":true,"css_class":"","custom_css":""}},"1647532466b47e03d3":{"type":"mult-image-text","disabled":true,"blocks":{"f1e7fe94-038f-4f9d-a71a-9a56caeb196e":{"type":"item_image","settings":{"image":"shopify:\/\/shop_images\/Artboard_23_copy-106.jpg","description":"","btn_txt":"","btn_url":"","width_img":100,"height":100,"color":"#ffffff","bg_color":"#d5ccba","hr_color":"#ffffff","hr_bg_color":"#afa899","position":"left"}}},"block_order":["f1e7fe94-038f-4f9d-a71a-9a56caeb196e"],"settings":{"right_image":"shopify:\/\/shop_images\/220616_EILEENWEST_BELAIR_L13_224-LEFT.jpg","video":"","width_img":50,"position":"left"}},"1651837575480fdae4":{"type":"index__rich-text","disabled":true,"settings":{"title":"The headline goes here","heading_font":"archivo_narrow_n4","heading_color":"rgba(0,0,0,0)","heading_alignment":"center","heading_size":46,"text":"<p>Here is the teast for the body copy and whatever else<\/p>","text_font":"open_sans_n4","text_color":"rgba(0,0,0,0)","text_alignment":"center","text_size":18,"columns":1,"button_label":"SHOP ALL","button_link":"shopify:\/\/collections\/the-bermuda-edition","button_alignment":"center","button_style":"button--primary","background":"rgba(0,0,0,0)","gradient":"rgba(0,0,0,0)","gradient_rotation":180,"width":"wide","padding_top":25,"padding_bottom":26,"padding_left":0,"padding_right":0,"animation":"none","css_class":"","custom_css":""}},"main":{"type":"page-content__main","disabled":true,"settings":{"show_heading":false,"heading_alignment":"left","width":"wide","padding_top":40,"padding_bottom":40,"css_class":"","custom_css":""}},"1646636786ecf8c911":{"type":"mult-image-text","disabled":true,"blocks":{"23cf197a-8d20-4450-bdef-02ef0794f6db":{"type":"item_image","settings":{"description":"<p><strong>Lorem Ipsum<\/strong>is simply dummy text<\/p>","btn_txt":"SHOP NOW","btn_url":"","width_img":35,"height":66,"color":"#ffffff","bg_color":"#d5ccba","hr_color":"#ffffff","hr_bg_color":"#afa899","position":"left"}},"ae65741f-f81d-460e-b44b-ac2ae40d9f53":{"type":"item_image","settings":{"description":"<p><strong>Lorem Ipsum<\/strong>is simply dummy text  <\/p>","btn_txt":"","btn_url":"","width_img":35,"height":66,"color":"#ffffff","bg_color":"#afa899","hr_color":"#ffffff","hr_bg_color":"#000000","position":"right"}}},"block_order":["23cf197a-8d20-4450-bdef-02ef0794f6db","ae65741f-f81d-460e-b44b-ac2ae40d9f53"],"settings":{"right_image":"shopify:\/\/shop_images\/220616_EILEENWEST_BELAIR_L2_342VI.jpg","video":"","width_img":67,"position":"left"}},"164659897191d87634":{"type":"index__image-with-text-overlay","disabled":true,"settings":{"link":"shopify:\/\/products\/white-3d-stripe-long-sleeve-classic-woven-cotton-sateen-pj-set","video":"","pretext":"","title":"Here is the text for the headline","subtitle":"","pretext_color":"#000000","heading_color":"#000000","subheading_color":"#000000","text_alignment":"center","text_horizontal_position":"center","text_vertical_position":"bottom","background_color":"#ffffff","background_opacity":0,"border_color":"#ffffff","border_width":0,"text_width":40,"button_1":"","button_1_link":"","button_1_style":"button--secondary","button_2":"","button_2_link":"","button_2_style":"button--secondary","mobile_image_crop":"none","mobile_text_below_image":true,"pretext_color_mobile":"rgba(0,0,0,0)","heading_color_mobile":"rgba(0,0,0,0)","subheading_color_mobile":"rgba(0,0,0,0)","btn_bg":"","btn_font":"","width":"wide","padding_top":0,"padding_bottom":0,"padding_left":0,"padding_right":0,"animation":"none","css_class":"","custom_css":""}}},"order":["banner","1660329036c50235c3","1646599254b3189e38","166032911494da3e86","1646597951893730d9","16591690242db26f7c","164856478623cdc9d5","16465987257615f002","1646600451f723402f","16580101543af2af35","166032851571746cc6","1658010930273c9914","1647532466b47e03d3","1651837575480fdae4","main","1646636786ecf8c911","164659897191d87634"]}