{"layout":"password","sections":{"main":{"type":"password__main","settings":{"custom_logo":"shopify:\/\/shop_images\/Artboard_1_copy_2.png","pagework_page_bg_stretched":true,"copyright_text":"","display_designed_by":false,"display_shopify":false,"social_media":false,"password_page_background_color":"#ffffff","password_page_text_color":"#000000","newsletter_title":"","newsletter_richtext":"","show_signup_form":false,"display_first_name":false,"display_last_name":false,"padding_top":40,"padding_bottom":40,"css_class":"","custom_css":""}}},"order":["main"]}