{"sections":{"breadcrumbs":{"type":"product__breadcrumb","settings":{"width":"standard","padding_top":20,"padding_bottom":20,"css_class":"","custom_css":""}},"main":{"type":"product-image-scroll__main","blocks":{"title":{"type":"title","settings":{}},"443ea35e-5b77-438e-a075-c51a52d35205":{"type":"sku","settings":{}},"price":{"type":"price","settings":{"display_savings":true}},"6662a38f-10ff-4457-9a10-4032da39867d":{"type":"size-chart","settings":{"size_chart":"look-book"}},"form":{"type":"form","settings":{"show_payment_button":true}},"description":{"type":"description","disabled":true,"settings":{"heading_1":"Care ","detail_1":"<p>Lorem Ipsum<strong> <\/strong>is simply dummy text of the printing and typesetting industry. Lorem Ipsum has been the industry's standard dummy text ever since the 1500s, when an unknown printer took a galley of type and scrambled it to make a type specimen book.<\/p>","heading_2":"Shipping & Returns","detail_2":"<p>Lorem Ipsum<strong> <\/strong>is simply dummy text of the printing and typesetting industry. Lorem Ipsum has been the industry's standard dummy text ever since the 1500s, when an unknown printer took a galley of type and scrambled it to make a type specimen book.<\/p>"}},"87d69d31-d4bb-4528-8d72-d5110d3c349e":{"type":"product_list","settings":{"heading":"","url":"","description":"<p>When selecting your size, please note our pajamas have a relaxed and casual fit, allowing for a more comfortable experience.<\/p>","heading_1":"","description_1":"","page_1":"","size_chart_4":false,"heading_4":"","description_4":"","page_4":""}},"share":{"type":"share","disabled":true,"settings":{}}},"block_order":["title","443ea35e-5b77-438e-a075-c51a52d35205","price","6662a38f-10ff-4457-9a10-4032da39867d","form","description","87d69d31-d4bb-4528-8d72-d5110d3c349e","share"],"settings":{"enable_zoom":true,"enable_product_lightbox":true,"display_thumbnails":true,"slideshow_speed":0,"slideshow_transition":"slide","enable_thumbnail_slider":true,"product_images_position":"left","set_product_height":false,"product_height":500,"video_looping":false,"width":"standard","padding_top":20,"padding_bottom":20,"css_class":"","custom_css":"","mwc_text":"Machine Wash Cold","mww_text":"Machine Wash Warm","hw_text":"Hand Wash","hwnew_text":"Hand Wash New","dnw_text":"Do Not Wash"}},"recommendations":{"type":"product__recommendations","settings":{"show_product_recommendations":true,"product_recommendations_style":"grid","product_recommendations_heading":"You may also like","products_per":4,"recommended_products_limit":4,"align_height":false,"collection_height":200,"width":"standard","padding_top":20,"padding_bottom":20,"animation":"none","css_class":"","custom_css":""}}},"order":["breadcrumbs","main","recommendations"]}