{"layout":"quickshop","sections":{"main":{"type":"quickshop","blocks":{"title":{"type":"title","settings":{}},"price":{"type":"price","settings":{"display_savings":true}},"description":{"type":"description","settings":{}},"form":{"type":"form","settings":{"show_payment_button":true}},"share":{"type":"share","disabled":true,"settings":{}}},"block_order":["title","price","description","form","share"],"settings":{"product_images_position":"left","set_product_height":false,"product_height":500,"video_looping":false,"gallery_arrows":true,"enable_zoom":false,"slideshow_speed":2,"slideshow_transition":"slide","display_thumbnails":true,"thumbnail_position":"bottom-thumbnails","enable_thumbnail_slider":true,"css_class":"","custom_css":""}}},"order":["main"]}