{"sections":{"breadcrumbs":{"type":"product__breadcrumb","settings":{}},"main":{"type":"product__main","blocks":{"title":{"type":"title","settings":{}},"price":{"type":"price","settings":{}},"description":{"type":"description","settings":{}},"form":{"type":"form","settings":{}},"share":{"type":"share","settings":{}}},"block_order":["title","price","description","form","share"],"settings":{}},"recommendations":{"type":"product__recommendations","settings":{"show_product_recommendations":true}}},"order":["breadcrumbs","main","recommendations"]}