{"sections":{"breadcrumbs":{"type":"product__breadcrumb","settings":{"width":"standard","padding_top":20,"padding_bottom":20,"css_class":"","custom_css":""}},"main":{"type":"product-image-scroll__main","blocks":{"title":{"type":"title","settings":{}},"price":{"type":"price","settings":{"display_savings":true}},"form":{"type":"form","settings":{"show_payment_button":true}},"description":{"type":"description","settings":{}},"share":{"type":"share","disabled":true,"settings":{}},"1b2e53cc-f39e-4da7-bcba-8677c1a9fa56":{"type":"product_list","settings":{"heading":"SHIPPING & RETURNS","url":"shopify:\/\/pages\/returns-exchanges","description":"<p><a href=\"\/pages\/returns-exchanges\" target=\"_blank\" title=\"returns exchanges\">Click here for Shipping & Returns<\/a><\/p>","heading_1":"","description_1":"","page_1":"","size_chart_4":true,"heading_4":"SIZE GUIDE","description_4":"<p>Lorem Ipsum is simply dummy text of the printing and typesetting industry. Lorem Ipsum has been the industry's standard dummy text ever since the 1500s, when an unknown printer took a galley of type and scrambled it to make a type specimen book.<\/p>","page_4":"womens-size-chart"}}},"block_order":["title","price","form","description","share","1b2e53cc-f39e-4da7-bcba-8677c1a9fa56"],"settings":{"enable_zoom":false,"enable_product_lightbox":true,"display_thumbnails":true,"slideshow_speed":0,"slideshow_transition":"slide","enable_thumbnail_slider":true,"product_images_position":"left","set_product_height":false,"product_height":500,"video_looping":false,"width":"wide","padding_top":20,"padding_bottom":0,"css_class":"","custom_css":"","mwc_text":"<ul>\n<li>Machine wash cold with like colors<\/li>\n<li> Gentle cycle<\/li>\n<li> Only non-chlorine bleach when needed<\/li>\n<li> Tumble dry low<\/li>\n<li> Remove promptly<\/li>\n<li> Low iron if needed<\/li>\n<\/ul>","mww_text":"Machine Wash Warm, Gentle Cycle, Do Not Bleach, Tumble Dry Low, Do Not Iron.","hw_text":"Hand Wash Separately, Cold Water, Do Not Bleach, Do Not Wring Or Twist, Reshape To Dry Flat, Low Iron If Needed Or Professional Dry Clean.","hwnew_text":"Hand Wash Separately. Cold Water Non-chlorine Bleach When Needed. Do Not Wring Or Twist. Reshape Lay Flat To Dry. Warm Iron If Needed.","dnw_text":"Do Not Wash, Do Not Bleach, Do Not Tumble Dry, Cool Iron If Needed, Dry Clean Only."}},"recommendations":{"type":"product__recommendations","settings":{"show_product_recommendations":true,"product_recommendations_style":"slider","product_recommendations_heading":"You may also like","products_per":4,"recommended_products_limit":4,"align_height":false,"collection_height":200,"width":"wide","padding_top":20,"padding_bottom":20,"animation":"none","css_class":"","custom_css":""}}},"order":["breadcrumbs","main","recommendations"]}