{"sections":{"breadcrumbs":{"type":"product__breadcrumb","settings":{"width":"standard","padding_top":20,"padding_bottom":20,"css_class":"","custom_css":""}},"main":{"type":"product-image-scroll__main","blocks":{"title":{"type":"title","settings":{}},"price":{"type":"price","settings":{"display_savings":true}},"5481cb29-8da4-4966-b3d1-b54945b8d31b":{"type":"sku","disabled":true,"settings":{}},"form":{"type":"form","settings":{"show_payment_button":true}},"9bf62078-9ffe-4c74-b78a-9f3f18ee05e5":{"type":"product_list","disabled":true,"settings":{"heading":"","url":"","description":"<p>When selecting your size, please note our pajamas have a relaxed and casual fit, allowing for a more comfortable experience.<\/p>","heading_1":"","description_1":"","page_1":"","size_chart_4":false,"heading_4":"","description_4":"","page_4":""}},"description":{"type":"description","settings":{"heading_1":"Care ","detail_1":"<p>Machine wash cold with like colors, gentle cycle, non-chlorine bleach when needed; tumble dry low, remove promptly, low iron if needed.<\/p>","heading_2":"Shipping & Returns","detail_2":"<p>FREE GROUND SHIPPING:<\/p><p>Free ground shipping for orders of $75 and up within the Continental U.S.<\/p><p>Does not apply to Alaska, Hawaii, Puerto Rico, or international orders.<\/p><p>Please go through the checkout process to see other shipping options. All orders will be shipped within 3 business days from date of purchase.<\/p><p>INTERNATIONAL SHIPPING:<br\/>For international orders, $50 shipping does not include duty, taxes and brokerage fees.<br\/><\/p><p>RETURNS<\/p><p>Any item(s) purchased from our website may be returned for exchange or refund within 30 days of the invoice date. We will not accept any returns after 30 days. Merchandise must be returned unworn and unwashed with all hang tags attached.<\/p><p>Simply email <a href=\"mailto:AskUs@EileenWest.com\" title=\"mailto:AskUs@EileenWest.com\">AskUs@EileenWest.com<\/a> or call us at <a href=\"tel:833-851-9378\" title=\"tel:833-851-9378\">833-851-9378<\/a> for further details.<\/p>"}},"1b2e53cc-f39e-4da7-bcba-8677c1a9fa56":{"type":"product_list","disabled":true,"settings":{"heading":"Care ","url":"shopify:\/\/pages\/returns-exchanges","description":"<p><a href=\"\/pages\/returns-exchanges\" target=\"_blank\" title=\"returns exchanges\">Click here for Shipping & Returns<\/a><\/p>","heading_1":"SHIPPING $ RETURNS","description_1":"<p><a href=\"\/pages\/returns-exchanges\" target=\"_blank\" title=\"returns exchanges\">Click here for Shipping & Returns<\/a><\/p>","page_1":"","size_chart_4":true,"heading_4":"SIZE GUIDE","description_4":"<p>Lorem Ipsum is simply dummy text of the printing and typesetting industry. Lorem Ipsum has been the industry's standard dummy text ever since the 1500s, when an unknown printer took a galley of type and scrambled it to make a type specimen book.<\/p>","page_4":"womens-size-chart"}},"share":{"type":"share","disabled":true,"settings":{}},"44c5b5c6-5103-4fac-b169-326f8420bf9b":{"type":"size-chart","settings":{"size_chart":"all-page-size"}}},"block_order":["title","price","5481cb29-8da4-4966-b3d1-b54945b8d31b","form","9bf62078-9ffe-4c74-b78a-9f3f18ee05e5","description","1b2e53cc-f39e-4da7-bcba-8677c1a9fa56","share","44c5b5c6-5103-4fac-b169-326f8420bf9b"],"settings":{"enable_zoom":true,"enable_product_lightbox":true,"display_thumbnails":true,"slideshow_speed":0,"slideshow_transition":"slide","enable_thumbnail_slider":true,"product_images_position":"left","set_product_height":false,"product_height":500,"video_looping":false,"width":"standard","padding_top":20,"padding_bottom":0,"css_class":"custome_template","custom_css":"","mwc_text":"<ul>\n<li>Machine wash cold with like colors<\/li>\n<li> Gentle cycle<\/li>\n<li> Only non-chlorine bleach when needed<\/li>\n<li> Tumble dry low<\/li>\n<li> Remove promptly<\/li>\n<li> Low iron if needed<\/li>\n<\/ul>","mww_text":"Machine Wash Warm, Gentle Cycle, Do Not Bleach, Tumble Dry Low, Do Not Iron.","hw_text":"Hand Wash Separately, Cold Water, Do Not Bleach, Do Not Wring Or Twist, Reshape To Dry Flat, Low Iron If Needed Or Professional Dry Clean.","hwnew_text":"Hand Wash Separately. Cold Water Non-chlorine Bleach When Needed. Do Not Wring Or Twist. Reshape Lay Flat To Dry. Warm Iron If Needed.","dnw_text":"Do Not Wash, Do Not Bleach, Do Not Tumble Dry, Cool Iron If Needed, Dry Clean Only."}},"166210699851d47cfc":{"type":"complete-look","settings":{"show_vendor":false,"show_inventory":false,"show_color_swatch":false,"show_payment_button":false,"ajax_add_to_cart":true,"always_show_description":false,"showcase_columns":"small","thumbnails_appearance":"rounded","showcase_zoom_enabled":true,"showcase_zoom_magnification":100,"tab_page_1_handle":"","tab_page_2_handle":"","reviews_enabled":false,"related_products_enabled":true,"related_products_show_vendor":true,"related_products_grid_items":4}},"recommendations":{"type":"product__recommendations","settings":{"show_product_recommendations":true,"product_recommendations_style":"grid","product_recommendations_heading":"You may also like","products_per":4,"recommended_products_limit":10,"align_height":false,"collection_height":200,"width":"wide","padding_top":20,"padding_bottom":20,"animation":"none","css_class":"","custom_css":""}}},"order":["breadcrumbs","main","166210699851d47cfc","recommendations"]}