{"sections":{"breadcrumbs":{"type":"product__breadcrumb","disabled":true,"settings":{"width":"standard","padding_top":20,"padding_bottom":20,"css_class":"","custom_css":""}},"sidebar":{"type":"product__sidebar","settings":{"padding_top":20,"padding_bottom":20,"css_class":"","custom_css":""}},"main":{"type":"product__main","blocks":{"title":{"type":"title","settings":{}},"price":{"type":"price","settings":{"display_savings":true}},"395ae726-b095-4557-b753-0be674fb1eaf":{"type":"sku","disabled":true,"settings":{}},"description":{"type":"description","settings":{}},"form":{"type":"form","settings":{"show_payment_button":true}},"share":{"type":"share","disabled":true,"settings":{}},"a8700c19-0424-472e-a6d8-1d2b1e3174b3":{"type":"product_list","settings":{"heading_1":"Product Details","description_1":"<p>Lorem Ipsum<strong> <\/strong>is simply dummy text of the printing and typesetting industry. Lorem Ipsum has been the industry's standard dummy text ever since the 1500s, when an unknown printer took a galley of type and scrambled it to make a type specimen book.<\/p>","heading_2":"Product Care","description_2":"<p>Lorem Ipsum<strong> <\/strong>is simply dummy text of the printing and typesetting industry. Lorem Ipsum has been the industry's standard dummy text ever since the 1500s, when an unknown printer took a galley of type and scrambled it to make a type specimen book.<\/p>","heading_3":"SIZE GUIDE","description_3":"<p>Lorem Ipsum<strong> <\/strong>is simply dummy text of the printing and typesetting industry. Lorem Ipsum has been the industry's standard dummy text ever since the 1500s, when an unknown printer took a galley of type and scrambled it to make a type specimen book.<\/p>","heading_4":"SHIPPING & RETURNS","description_4":"<p>Lorem Ipsum<strong> <\/strong>is simply dummy text of the printing and typesetting industry. Lorem Ipsum has been the industry's standard dummy text ever since the 1500s, when an unknown printer took a galley of type and scrambled it to make a type specimen book.<\/p>","heading_5":"","description_5":""}}},"block_order":["title","price","395ae726-b095-4557-b753-0be674fb1eaf","description","form","share","a8700c19-0424-472e-a6d8-1d2b1e3174b3"],"settings":{"product_images_position":"left","set_product_height":false,"product_height":500,"video_looping":false,"gallery_arrows":true,"enable_zoom":true,"enable_product_lightbox":true,"slideshow_speed":0,"slideshow_transition":"slide","display_thumbnails":true,"thumbnail_position":"left-thumbnails","enable_thumbnail_slider":true,"width":"standard","padding_top":20,"padding_bottom":20,"animation":"none","css_class":"","custom_css":""}},"recommendations":{"type":"product__recommendations","settings":{"show_product_recommendations":true,"product_recommendations_style":"grid","product_recommendations_heading":"You may also like","products_per":4,"recommended_products_limit":4,"align_height":false,"collection_height":200,"width":"standard","padding_top":20,"padding_bottom":20,"animation":"none","css_class":"","custom_css":""}}},"order":["breadcrumbs","sidebar","main","recommendations"]}